Workbook

Sheet 硬件
A1: 版本 | B1: Abbr | C1: 创建日期 | D1: 创建人 | E1: 词性备注 | F1: 术语中文释义 | G1: 术语英文释义 | H1: 中文术语 | J1: 英文术语 | L1: 西文术语 | N1: 俄文术语
H2: 术语 | I2: 字符数 | J2: 术语 | K2: 字符数 | L2: 术语 | M2: 字符数 | N2: 术语 | O2: 字符数
A3: 板卡
A4: =IF(B4="","",IF(A4<>"",A4,#REF!)) -> #VALUE! | B4: cpu_module | C4: 44675.804 | D4: 鲍凯鹏 | E4: 名词短语 | G4: CPU module | H4: CPU板卡 | I4: =LEN(H4) -> 5 | J4: CPU module | K4: =LEN(J4) -> 10 | M4: =LEN(L4) -> 0 | O4: =LEN(N4) -> 0
K5: =LEN(J5) -> 0 | M5: =LEN(L5) -> 0 | O5: =LEN(N5) -> 0
K6: =LEN(J6) -> 0 | M6: =LEN(L6) -> 0 | O6: =LEN(N6) -> 0
K7: =LEN(J7) -> 0 | M7: =LEN(L7) -> 0 | O7: =LEN(N7) -> 0
K8: =LEN(J8) -> 0 | M8: =LEN(L8) -> 0 | O8: =LEN(N8) -> 0
K9: =LEN(J9) -> 0 | M9: =LEN(L9) -> 0 | O9: =LEN(N9) -> 0
K10: =LEN(J10) -> 0 | M10: =LEN(L10) -> 0 | O10: =LEN(N10) -> 0
K11: =LEN(J11) -> 0 | M11: =LEN(L11) -> 0 | O11: =LEN(N11) -> 0
I13: =LEN(H13) -> 0 | K13: =LEN(J13) -> 0 | M13: 0 | O13: 0
I14: =LEN(H14) -> 0 | K14: =LEN(J14) -> 0 | M14: 0 | O14: 0
I15: =LEN(H15) -> 0 | K15: =LEN(J15) -> 0 | M15: 0 | O15: 0
I16: =LEN(H16) -> 0 | K16: =LEN(J16) -> 0 | M16: 0 | O16: 0
A17: 机箱
A18: =IF(B18="","",IF(A18<>"",A18,#REF!)) -> #VALUE! | B18: rack | C18: =IF(B18="","",IF(C18<>"",C18,NOW())) -> 0 | D18: 鲍凯鹏 | E18: 名词短语 | G18: Rack | H18: 机箱 | I18: =LEN(H18) -> 2 | J18: Rack | K18: =LEN(J18) -> 4 | M18: =LEN(L18) -> 0 | O18: =LEN(N18) -> 0
I19: =LEN(H19) -> 0 | K19: =LEN(J19) -> 0 | M19: 0 | O19: 0
I20: =LEN(H20) -> 0 | K20: =LEN(J20) -> 0 | M20: 0 | O20: 0
I21: =LEN(H21) -> 0 | K21: =LEN(J21) -> 0 | M21: 0 | O21: 0
I22: =LEN(H22) -> 0 | K22: =LEN(J22) -> 0 | M22: 0 | O22: 0
I23: =LEN(H23) -> 0 | K23: =LEN(J23) -> 0 | M23: 0 | O23: 0
I24: =LEN(H24) -> 0 | K24: =LEN(J24) -> 0 | M24: 0 | O24: 0
I25: =LEN(H25) -> 0 | K25: =LEN(J25) -> 0 | M25: 0 | O25: 0
I26: =LEN(H26) -> 0 | K26: =LEN(J26) -> 0 | M26: 0 | O26: 0
I27: =LEN(H27) -> 0 | K27: =LEN(J27) -> 0 | M27: 0 | O27: 0
I28: =LEN(H28) -> 0 | K28: =LEN(J28) -> 0 | M28: 0 | O28: 0
I29: =LEN(H29) -> 0 | K29: =LEN(J29) -> 0 | M29: 0 | O29: 0
I30: =LEN(H30) -> 0 | K30: =LEN(J30) -> 0 | M30: 0 | O30: 0
... I42: =LEN(H42) -> 0 | K42: =LEN(J42) -> 0 | M42: 0 | O42: 0
A43: 插槽
I44: =LEN(H44) -> 0 | K44: =LEN(J44) -> 0 | M44: 0 | O44: 0
I45: =LEN(H45) -> 0 | K45: =LEN(J45) -> 0 | M45: 0 | O45: 0
I46: =LEN(H46) -> 0 | K46: =LEN(J46) -> 0 | M46: 0 | O46: 0
I47: =LEN(H47) -> 0 | K47: =LEN(J47) -> 0 | M47: 0 | O47: 0
I48: =LEN(H48) -> 0 | K48: =LEN(J48) -> 0 | M48: 0 | O48: 0
I49: =LEN(H49) -> 0 | K49: =LEN(J49) -> 0 | M49: 0 | O49: 0
I50: =LEN(H50) -> 0 | K50: =LEN(J50) -> 0 | M50: 0 | O50: 0
I51: =LEN(H51) -> 0 | K51: =LEN(J51) -> 0 | M51: 0 | O51: 0
I52: =LEN(H52) -> 0 | K52: =LEN(J52) -> 0 | M52: 0 | O52: 0
I53: =LEN(H53) -> 0 | K53: =LEN(J53) -> 0 | M53: 0 | O53: 0
I54: =LEN(H54) -> 0 | K54: =LEN(J54) -> 0 | M54: 0 | O54: 0
I55: =LEN(H55) -> 0 | K55: =LEN(J55) -> 0 | M55: 0 | O55: 0
... I74: =LEN(H74) -> 0 | K74: =LEN(J74) -> 0 | M74: 0 | O74: 0
I75: 0 | K75: =LEN(J75) -> 0 | M75: 0 | O75: 0
I76: 0 | K76: =LEN(J76) -> 0 | M76: 0 | O76: 0
I77: 0 | K77: =LEN(J77) -> 0 | M77: 0 | O77: 0
I78: 0 | K78: =LEN(J78) -> 0 | M78: 0 | O78: 0
I79: 0 | K79: =LEN(J79) -> 0 | M79: 0 | O79: 0
I80: 0 | K80: =LEN(J80) -> 0 | M80: 0 | O80: 0
I81: 0 | K81: =LEN(J81) -> 0 | M81: 0 | O81: 0
I82: 0 | K82: =LEN(J82) -> 0 | M82: 0 | O82: 0
I83: 0 | K83: =LEN(J83) -> 0 | M83: 0 | O83: 0
I84: 0 | K84: =LEN(J84) -> 0 | M84: 0 | O84: 0
I85: 0 | K85: =LEN(J85) -> 0 | M85: 0 | O85: 0
I86: 0 | K86: =LEN(J86) -> 0 | M86: 0 | O86: 0
... I95: 0 | K95: =LEN(J95) -> 0 | M95: 0 | O95: 0
I96: 0 | K96: 0 | M96: 0 | O96: 0
I97: 0 | K97: 0 | M97: 0 | O97: 0
I98: 0 | K98: 0 | M98: 0 | O98: 0
I99: 0 | K99: 0 | M99: 0 | O99: 0
I100: 0 | K100: 0 | M100: 0 | O100: 0
I101: 0 | K101: 0 | M101: 0 | O101: 0
I102: 0 | K102: 0 | M102: 0 | O102: 0
I103: 0 | K103: 0 | M103: 0 | O103: 0
I104: 0 | K104: 0 | M104: 0 | O104: 0
I105: 0 | K105: 0 | M105: 0 | O105: 0
I106: 0 | K106: 0 | M106: 0 | O106: 0
I107: 0 | K107: 0 | M107: 0 | O107: 0
... I1208: 0 | K1208: 0 | M1208: 0 | O1208: 0
A1209: =IF(B1209="","",IF(A1209<>"",A1209,#REF!)) | C1209: =IF(B1209="","",IF(C1209<>"",C1209,NOW())) | I1209: =LEN(H1209) -> 0 | K1209: =LEN(J1209) -> 0 | M1209: =LEN(L1209) -> 0 | O1209: =LEN(N1209) -> 0
C1210: =IF(B1210="","",IF(C1210<>"",C1210,NOW())) | I1210: =LEN(H1210) -> 0 | K1210: =LEN(J1210) -> 0 | M1210: =LEN(L1210) -> 0 | O1210: =LEN(N1210) -> 0
I1211: =LEN(H1211) -> 0 | K1211: =LEN(J1211) -> 0 | M1211: =LEN(L1211) -> 0 | O1211: =LEN(N1211) -> 0
I1212: =LEN(H1212) -> 0 | K1212: =LEN(J1212) -> 0 | M1212: =LEN(L1212) -> 0 | O1212: =LEN(N1212) -> 0
I1213: =LEN(H1213) -> 0 | K1213: =LEN(J1213) -> 0 | M1213: =LEN(L1213) -> 0 | O1213: =LEN(N1213) -> 0

Sheet 装置通用
A1: 版本 | B1: Abbr | C1: 创建日期 | D1: 创建人 | E1: 词性备注 | F1: 术语中文释义 | G1: 术语英文释义 | H1: 中文术语 | J1: 英文术语 | L1: 西文术语 | N1: 俄文术语
H2: 术语 | I2: 字符数 | J2: 术语 | K2: 字符数 | L2: 术语 | M2: 字符数 | N2: 术语 | O2: 字符数
A3: 装置型号、名称
A4: =IF(B4="","",IF(A4<>"",A4,#REF!)) -> #VALUE! | B4: feeder_relay | C4: =IF(B4="","",IF(C4<>"",C4,NOW())) -> 44832.439 | D4: 鲍凯鹏 | E4: 名词短语 | G4: Feeder relay | H4: 馈线保护 | I4: =LEN(H4) -> 4 | J4: Feeder relay | K4: =LEN(J4) -> 12 | M4: =LEN(L4) -> 0 | O4: =LEN(N4) -> 0
K5: =LEN(J5) -> 0 | M5: =LEN(L5) -> 0 | O5: =LEN(N5) -> 0
K6: =LEN(J6) -> 0 | M6: =LEN(L6) -> 0 | O6: =LEN(N6) -> 0
K7: =LEN(J7) -> 0 | M7: =LEN(L7) -> 0 | O7: =LEN(N7) -> 0
K8: =LEN(J8) -> 0 | M8: =LEN(L8) -> 0 | O8: =LEN(N8) -> 0
K9: =LEN(J9) -> 0 | M9: =LEN(L9) -> 0 | O9: =LEN(N9) -> 0
A10: =IF(B10="","",IF(A10<>"",A10,#REF!)) | C10: =IF(B10="","",IF(C10<>"",C10,NOW())) | I10: =LEN(H10) -> 0 | K10: =LEN(J10) -> 0 | M10: =LEN(L10) -> 0 | O10: =LEN(N10) -> 0
A11: =IF(B11="","",IF(A11<>"",A11,#REF!)) | C11: =IF(B11="","",IF(C11<>"",C11,NOW())) | I11: =LEN(H11) -> 0 | K11: =LEN(J11) -> 0 | M11: =LEN(L11) -> 0 | O11: =LEN(N11) -> 0
A12: =IF(B12="","",IF(A12<>"",A12,#REF!)) | C12: =IF(B12="","",IF(C12<>"",C12,NOW())) | I12: =LEN(H12) -> 0 | K12: =LEN(J12) -> 0 | M12: =LEN(L12) -> 0 | O12: =LEN(N12) -> 0
A13: =IF(B13="","",IF(A13<>"",A13,#REF!)) | C13: =IF(B13="","",IF(C13<>"",C13,NOW())) | I13: =LEN(H13) -> 0 | K13: =LEN(J13) -> 0 | M13: =LEN(L13) -> 0 | O13: =LEN(N13) -> 0
A14: 装置识别码
A15: =IF(B15="","",IF(A15<>"",A15,#REF!)) | C15: =IF(B15="","",IF(C15<>"",C15,NOW())) | I15: =LEN(H15) -> 0 | K15: =LEN(J15) -> 0 | M15: =LEN(L15) -> 0 | O15: =LEN(N15) -> 0
A16: =IF(B16="","",IF(A16<>"",A16,#REF!)) | C16: =IF(B16="","",IF(C16<>"",C16,NOW())) | I16: =LEN(H16) -> 0 | K16: =LEN(J16) -> 0 | M16: =LEN(L16) -> 0 | O16: =LEN(N16) -> 0
A17: =IF(B17="","",IF(A17<>"",A17,#REF!)) | C17: =IF(B17="","",IF(C17<>"",C17,NOW())) | I17: =LEN(H17) -> 0 | K17: =LEN(J17) -> 0 | M17: =LEN(L17) -> 0 | O17: =LEN(N17) -> 0
A18: =IF(B18="","",IF(A18<>"",A18,#REF!)) | C18: =IF(B18="","",IF(C18<>"",C18,NOW())) | I18: =LEN(H18) -> 0 | K18: =LEN(J18) -> 0 | M18: =LEN(L18) -> 0 | O18: =LEN(N18) -> 0
A19: =IF(B19="","",IF(A19<>"",A19,#REF!)) | C19: =IF(B19="","",IF(C19<>"",C19,NOW())) | I19: =LEN(H19) -> 0 | K19: =LEN(J19) -> 0 | M19: =LEN(L19) -> 0 | O19: =LEN(N19) -> 0
A20: =IF(B20="","",IF(A20<>"",A20,#REF!)) | C20: =IF(B20="","",IF(C20<>"",C20,NOW())) | I20: =LEN(H20) -> 0 | K20: =LEN(J20) -> 0 | M20: =LEN(L20) -> 0 | O20: =LEN(N20) -> 0
A21: =IF(B21="","",IF(A21<>"",A21,#REF!)) | C21: =IF(B21="","",IF(C21<>"",C21,NOW())) | I21: =LEN(H21) -> 0 | K21: =LEN(J21) -> 0 | M21: =LEN(L21) -> 0 | O21: =LEN(N21) -> 0
A22: =IF(B22="","",IF(A22<>"",A22,#REF!)) | C22: =IF(B22="","",IF(C22<>"",C22,NOW())) | I22: =LEN(H22) -> 0 | K22: =LEN(J22) -> 0 | M22: =LEN(L22) -> 0 | O22: =LEN(N22) -> 0
A23: =IF(B23="","",IF(A23<>"",A23,#REF!)) | C23: =IF(B23="","",IF(C23<>"",C23,NOW())) | I23: =LEN(H23) -> 0 | K23: =LEN(J23) -> 0 | M23: =LEN(L23) -> 0 | O23: =LEN(N23) -> 0
A24: =IF(B24="","",IF(A24<>"",A24,#REF!)) | C24: =IF(B24="","",IF(C24<>"",C24,NOW())) | I24: =LEN(H24) -> 0 | K24: =LEN(J24) -> 0 | M24: =LEN(L24) -> 0 | O24: =LEN(N24) -> 0
A25: =IF(B25="","",IF(A25<>"",A25,#REF!)) | C25: =IF(B25="","",IF(C25<>"",C25,NOW())) | I25: =LEN(H25) -> 0 | K25: =LEN(J25) -> 0 | M25: =LEN(L25) -> 0 | O25: =LEN(N25) -> 0
A26: =IF(B26="","",IF(A26<>"",A26,#REF!)) | C26: =IF(B26="","",IF(C26<>"",C26,NOW())) | I26: =LEN(H26) -> 0 | K26: =LEN(J26) -> 0 | M26: =LEN(L26) -> 0 | O26: =LEN(N26) -> 0
... A34: =IF(B34="","",IF(A34<>"",A34,#REF!)) | C34: =IF(B34="","",IF(C34<>"",C34,NOW())) | I34: =LEN(H34) -> 0 | K34: =LEN(J34) -> 0 | M34: =LEN(L34) -> 0 | O34: =LEN(N34) -> 0
A35: 模块版本信息
A36: =IF(B36="","",IF(A36<>"",A36,#REF!)) -> #VALUE! | B36: mod_ver | C36: =IF(B36="","",IF(C36<>"",C36,NOW())) -> 44832.439 | D36: 薛宇 | E36: 名词短语 | F36: 模块版本号 | G36: module version | H36: 模块版本号 | I36: =LEN(H36) -> 5 | J36: Module version | K36: =LEN(J36) -> 14 | M36: =LEN(L36) -> 0 | O36: =LEN(N36) -> 0
K37: =LEN(J37) -> 0 | M37: =LEN(L37) -> 0 | O37: =LEN(N37) -> 0
A38: =IF(B38="","",IF(A38<>"",A38,#REF!)) | C38: =IF(B38="","",IF(C38<>"",C38,NOW())) | I38: =LEN(H38) -> 0 | K38: =LEN(J38) -> 0 | M38: =LEN(L38) -> 0 | O38: =LEN(N38) -> 0
A39: =IF(B39="","",IF(A39<>"",A39,#REF!)) | C39: =IF(B39="","",IF(C39<>"",C39,NOW())) | I39: =LEN(H39) -> 0 | K39: =LEN(J39) -> 0 | M39: =LEN(L39) -> 0 | O39: =LEN(N39) -> 0
A40: =IF(B40="","",IF(A40<>"",A40,#REF!)) | C40: =IF(B40="","",IF(C40<>"",C40,NOW())) | I40: =LEN(H40) -> 0 | K40: =LEN(J40) -> 0 | M40: =LEN(L40) -> 0 | O40: =LEN(N40) -> 0
A41: =IF(B41="","",IF(A41<>"",A41,#REF!)) | C41: =IF(B41="","",IF(C41<>"",C41,NOW())) | I41: =LEN(H41) -> 0 | K41: =LEN(J41) -> 0 | M41: =LEN(L41) -> 0 | O41: =LEN(N41) -> 0
A42: =IF(B42="","",IF(A42<>"",A42,#REF!)) | C42: =IF(B42="","",IF(C42<>"",C42,NOW())) | I42: =LEN(H42) -> 0 | K42: =LEN(J42) -> 0 | M42: =LEN(L42) -> 0 | O42: =LEN(N42) -> 0
A43: =IF(B43="","",IF(A43<>"",A43,#REF!)) | C43: =IF(B43="","",IF(C43<>"",C43,NOW())) | I43: =LEN(H43) -> 0 | K43: =LEN(J43) -> 0 | M43: =LEN(L43) -> 0 | O43: =LEN(N43) -> 0
A44: =IF(B44="","",IF(A44<>"",A44,#REF!)) | C44: =IF(B44="","",IF(C44<>"",C44,NOW())) | I44: =LEN(H44) -> 0 | K44: =LEN(J44) -> 0 | M44: =LEN(L44) -> 0 | O44: =LEN(N44) -> 0
A45: =IF(B45="","",IF(A45<>"",A45,#REF!)) | C45: =IF(B45="","",IF(C45<>"",C45,NOW())) | I45: =LEN(H45) -> 0 | K45: =LEN(J45) -> 0 | M45: =LEN(L45) -> 0 | O45: =LEN(N45) -> 0
A46: =IF(B46="","",IF(A46<>"",A46,#REF!)) | C46: =IF(B46="","",IF(C46<>"",C46,NOW())) | I46: =LEN(H46) -> 0 | K46: =LEN(J46) -> 0 | M46: =LEN(L46) -> 0 | O46: =LEN(N46) -> 0
A47: =IF(B47="","",IF(A47<>"",A47,#REF!)) | C47: =IF(B47="","",IF(C47<>"",C47,NOW())) | I47: =LEN(H47) -> 0 | K47: =LEN(J47) -> 0 | M47: =LEN(L47) -> 0 | O47: =LEN(N47) -> 0
A48: =IF(B48="","",IF(A48<>"",A48,#REF!)) | C48: =IF(B48="","",IF(C48<>"",C48,NOW())) | I48: =LEN(H48) -> 0 | K48: =LEN(J48) -> 0 | M48: =LEN(L48) -> 0 | O48: =LEN(N48) -> 0
A49: =IF(B49="","",IF(A49<>"",A49,#REF!)) | C49: =IF(B49="","",IF(C49<>"",C49,NOW())) | I49: =LEN(H49) -> 0 | K49: =LEN(J49) -> 0 | M49: =LEN(L49) -> 0 | O49: =LEN(N49) -> 0
... A1178: =IF(B1178="","",IF(A1178<>"",A1178,#REF!)) | C1178: =IF(B1178="","",IF(C1178<>"",C1178,NOW())) | I1178: =LEN(H1178) -> 0 | K1178: =LEN(J1178) -> 0 | M1178: =LEN(L1178) -> 0 | O1178: =LEN(N1178) -> 0
C1179: =IF(B1179="","",IF(C1179<>"",C1179,NOW())) | I1179: =LEN(H1179) -> 0 | K1179: =LEN(J1179) -> 0 | M1179: =LEN(L1179) -> 0 | O1179: =LEN(N1179) -> 0
I1180: =LEN(H1180) -> 0 | K1180: =LEN(J1180) -> 0 | M1180: =LEN(L1180) -> 0 | O1180: =LEN(N1180) -> 0
I1181: =LEN(H1181) -> 0 | K1181: =LEN(J1181) -> 0 | M1181: =LEN(L1181) -> 0 | O1181: =LEN(N1181) -> 0
I1182: =LEN(H1182) -> 0 | K1182: =LEN(J1182) -> 0 | M1182: =LEN(L1182) -> 0 | O1182: =LEN(N1182) -> 0

Sheet 间隔
A1: 版本 | B1: Abbr | C1: 创建日期 | D1: 创建人 | E1: 词性备注 | F1: 术语中文释义 | G1: 术语英文释义 | H1: 中文术语 | J1: 英文术语 | L1: 西文术语 | N1: 俄文术语
H2: 术语 | I2: 字符数 | J2: 术语 | K2: 字符数 | L2: 术语 | M2: 字符数 | N2: 术语 | O2: 字符数
A3: 统称
A4: =IF(B4="","",IF(A4<>"",A4,#REF!)) -> #VALUE! | B4: bay | C4: =IF(B4="","",IF(C4<>"",C4,NOW())) -> 0 | D4: 刘龙 | E4: 名词短语 | G4: substation bay | H4: 间隔 | I4: =LEN(H4) -> 2 | J4: Bay | K4: =LEN(J4) -> 3 | M4: =LEN(L4) -> 0 | O4: =LEN(N4) -> 0
A5: =IF(B5="","",IF(A5<>"",A5,#REF!)) | C5: =IF(B5="","",IF(C5<>"",C5,NOW())) | I5: =LEN(H5) -> 0 | K5: =LEN(J5) -> 0 | M5: =LEN(L5) -> 0 | O5: =LEN(N5) -> 0
A6: 线路
A7: =IF(B7="","",IF(A7<>"",A7,#REF!)) -> #VALUE! | B7: line | C7: =IF(B7="","",IF(C7<>"",C7,NOW())) -> 0 | D7: 鲍凯鹏 | E7: 名词短语 | G7: line | H7: 线路 | I7: =LEN(H7) -> 2 | J7: Line | K7: =LEN(J7) -> 4 | M7: =LEN(L7) -> 0 | O7: =LEN(N7) -> 0
K8: =LEN(J8) -> 0 | M8: =LEN(L8) -> 0 | O8: =LEN(N8) -> 0
K9: =LEN(J9) -> 0 | M9: =LEN(L9) -> 0 | O9: =LEN(N9) -> 0
A10: =IF(B10="","",IF(A10<>"",A10,#REF!)) | C10: =IF(B10="","",IF(C10<>"",C10,NOW())) | I10: =LEN(H10) -> 0 | K10: =LEN(J10) -> 0 | M10: =LEN(L10) -> 0 | O10: =LEN(N10) -> 0
A11: 断路器
A12: =IF(B12="","",IF(A12<>"",A12,#REF!)) -> #VALUE! | B12: breaker | C12: =IF(B12="","",IF(C12<>"",C12,NOW())) -> 0 | D12: 鲍凯鹏 | E12: 名词短语 | G12: breaker | H12: 断路器 | I12: =LEN(H12) -> 3 | J12: Breaker | K12: =LEN(J12) -> 7 | M12: =LEN(L12) -> 0 | O12: =LEN(N12) -> 0
A13: =IF(B13="","",IF(A13<>"",A13,#REF!)) | C13: =IF(B13="","",IF(C13<>"",C13,NOW())) | I13: =LEN(H13) -> 0 | K13: =LEN(J13) -> 0 | M13: =LEN(L13) -> 0 | O13: =LEN(N13) -> 0
A14: =IF(B14="","",IF(A14<>"",A14,#REF!)) | C14: =IF(B14="","",IF(C14<>"",C14,NOW())) | I14: =LEN(H14) -> 0 | K14: =LEN(J14) -> 0 | M14: =LEN(L14) -> 0 | O14: =LEN(N14) -> 0
A15: =IF(B15="","",IF(A15<>"",A15,#REF!)) | C15: =IF(B15="","",IF(C15<>"",C15,NOW())) | I15: =LEN(H15) -> 0 | K15: =LEN(J15) -> 0 | M15: =LEN(L15) -> 0 | O15: =LEN(N15) -> 0
A16: =IF(B16="","",IF(A16<>"",A16,#REF!)) | C16: =IF(B16="","",IF(C16<>"",C16,NOW())) | I16: =LEN(H16) -> 0 | K16: =LEN(J16) -> 0 | M16: =LEN(L16) -> 0 | O16: =LEN(N16) -> 0
A17: =IF(B17="","",IF(A17<>"",A17,#REF!)) | C17: =IF(B17="","",IF(C17<>"",C17,NOW())) | I17: =LEN(H17) -> 0 | K17: =LEN(J17) -> 0 | M17: =LEN(L17) -> 0 | O17: =LEN(N17) -> 0
A18: =IF(B18="","",IF(A18<>"",A18,#REF!)) | C18: =IF(B18="","",IF(C18<>"",C18,NOW())) | I18: =LEN(H18) -> 0 | K18: =LEN(J18) -> 0 | M18: =LEN(L18) -> 0 | O18: =LEN(N18) -> 0
A19: =IF(B19="","",IF(A19<>"",A19,#REF!)) | C19: =IF(B19="","",IF(C19<>"",C19,NOW())) | I19: =LEN(H19) -> 0 | K19: =LEN(J19) -> 0 | M19: =LEN(L19) -> 0 | O19: =LEN(N19) -> 0
A20: =IF(B20="","",IF(A20<>"",A20,#REF!)) | C20: =IF(B20="","",IF(C20<>"",C20,NOW())) | I20: =LEN(H20) -> 0 | K20: =LEN(J20) -> 0 | M20: =LEN(L20) -> 0 | O20: =LEN(N20) -> 0
A21: =IF(B21="","",IF(A21<>"",A21,#REF!)) | C21: =IF(B21="","",IF(C21<>"",C21,NOW())) | I21: =LEN(H21) -> 0 | K21: =LEN(J21) -> 0 | M21: =LEN(L21) -> 0 | O21: =LEN(N21) -> 0
A22: 刀闸
A23: =IF(B23="","",IF(A23<>"",A23,#REF!)) -> #VALUE! | B23: isolator | C23: =IF(B23="","",IF(C23<>"",C23,NOW())) -> 0 | D23: 鲍凯鹏 | E23: 名词短语 | G23: isolator | H23: 隔离刀闸 | I23: =LEN(H23) -> 4 | J23: Disconnector | K23: =LEN(J23) -> 12 | M23: =LEN(L23) -> 0 | O23: =LEN(N23) -> 0
A24: =IF(B24="","",IF(A24<>"",A24,#REF!)) | C24: =IF(B24="","",IF(C24<>"",C24,NOW())) | I24: =LEN(H24) -> 0 | K24: =LEN(J24) -> 0 | M24: =LEN(L24) -> 0 | O24: =LEN(N24) -> 0
A25: =IF(B25="","",IF(A25<>"",A25,#REF!)) | C25: =IF(B25="","",IF(C25<>"",C25,NOW())) | I25: =LEN(H25) -> 0 | K25: =LEN(J25) -> 0 | M25: =LEN(L25) -> 0 | O25: =LEN(N25) -> 0
A26: =IF(B26="","",IF(A26<>"",A26,#REF!)) | C26: =IF(B26="","",IF(C26<>"",C26,NOW())) | I26: =LEN(H26) -> 0 | K26: =LEN(J26) -> 0 | M26: =LEN(L26) -> 0 | O26: =LEN(N26) -> 0
A27: =IF(B27="","",IF(A27<>"",A27,#REF!)) | C27: =IF(B27="","",IF(C27<>"",C27,NOW())) | I27: =LEN(H27) -> 0 | K27: =LEN(J27) -> 0 | M27: =LEN(L27) -> 0 | O27: =LEN(N27) -> 0
A28: =IF(B28="","",IF(A28<>"",A28,#REF!)) | C28: =IF(B28="","",IF(C28<>"",C28,NOW())) | I28: =LEN(H28) -> 0 | K28: =LEN(J28) -> 0 | M28: =LEN(L28) -> 0 | O28: =LEN(N28) -> 0
A29: =IF(B29="","",IF(A29<>"",A29,#REF!)) | C29: =IF(B29="","",IF(C29<>"",C29,NOW())) | I29: =LEN(H29) -> 0 | K29: =LEN(J29) -> 0 | M29: =LEN(L29) -> 0 | O29: =LEN(N29) -> 0
A30: =IF(B30="","",IF(A30<>"",A30,#REF!)) | C30: =IF(B30="","",IF(C30<>"",C30,NOW())) | I30: =LEN(H30) -> 0 | K30: =LEN(J30) -> 0 | M30: =LEN(L30) -> 0 | O30: =LEN(N30) -> 0
A31: =IF(B31="","",IF(A31<>"",A31,#REF!)) | C31: =IF(B31="","",IF(C31<>"",C31,NOW())) | I31: =LEN(H31) -> 0 | K31: =LEN(J31) -> 0 | M31: =LEN(L31) -> 0 | O31: =LEN(N31) -> 0
A32: =IF(B32="","",IF(A32<>"",A32,#REF!)) | C32: =IF(B32="","",IF(C32<>"",C32,NOW())) | I32: =LEN(H32) -> 0 | K32: =LEN(J32) -> 0 | M32: =LEN(L32) -> 0 | O32: =LEN(N32) -> 0
A33: =IF(B33="","",IF(A33<>"",A33,#REF!)) | C33: =IF(B33="","",IF(C33<>"",C33,NOW())) | I33: =LEN(H33) -> 0 | K33: =LEN(J33) -> 0 | M33: =LEN(L33) -> 0 | O33: =LEN(N33) -> 0
A34: 母线
A35: =IF(B35="","",IF(A35<>"",A35,#REF!)) -> #VALUE! | B35: busbar | C35: =IF(B35="","",IF(C35<>"",C35,NOW())) -> 0 | D35: 鲍凯鹏 | E35: 名词短语 | G35: busbar | H35: 母线 | I35: =LEN(H35) -> 2 | J35: Busbar | K35: =LEN(J35) -> 6 | M35: =LEN(L35) -> 0 | O35: =LEN(N35) -> 0
A36: =IF(B36="","",IF(A36<>"",A36,#REF!)) | C36: =IF(B36="","",IF(C36<>"",C36,NOW())) | I36: =LEN(H36) -> 0 | K36: =LEN(J36) -> 0 | M36: =LEN(L36) -> 0 | O36: =LEN(N36) -> 0
A37: =IF(B37="","",IF(A37<>"",A37,#REF!)) | C37: =IF(B37="","",IF(C37<>"",C37,NOW())) | I37: =LEN(H37) -> 0 | K37: =LEN(J37) -> 0 | M37: =LEN(L37) -> 0 | O37: =LEN(N37) -> 0
A38: =IF(B38="","",IF(A38<>"",A38,#REF!)) | C38: =IF(B38="","",IF(C38<>"",C38,NOW())) | I38: =LEN(H38) -> 0 | K38: =LEN(J38) -> 0 | M38: =LEN(L38) -> 0 | O38: =LEN(N38) -> 0
A39: =IF(B39="","",IF(A39<>"",A39,#REF!)) | C39: =IF(B39="","",IF(C39<>"",C39,NOW())) | I39: =LEN(H39) -> 0 | K39: =LEN(J39) -> 0 | M39: =LEN(L39) -> 0 | O39: =LEN(N39) -> 0
A40: =IF(B40="","",IF(A40<>"",A40,#REF!)) | C40: =IF(B40="","",IF(C40<>"",C40,NOW())) | I40: =LEN(H40) -> 0 | K40: =LEN(J40) -> 0 | M40: =LEN(L40) -> 0 | O40: =LEN(N40) -> 0
A41: =IF(B41="","",IF(A41<>"",A41,#REF!)) | C41: =IF(B41="","",IF(C41<>"",C41,NOW())) | I41: =LEN(H41) -> 0 | K41: =LEN(J41) -> 0 | M41: =LEN(L41) -> 0 | O41: =LEN(N41) -> 0
A42: =IF(B42="","",IF(A42<>"",A42,#REF!)) | C42: =IF(B42="","",IF(C42<>"",C42,NOW())) | I42: =LEN(H42) -> 0 | K42: =LEN(J42) -> 0 | M42: =LEN(L42) -> 0 | O42: =LEN(N42) -> 0
A43: =IF(B43="","",IF(A43<>"",A43,#REF!)) | C43: =IF(B43="","",IF(C43<>"",C43,NOW())) | I43: =LEN(H43) -> 0 | K43: =LEN(J43) -> 0 | M43: =LEN(L43) -> 0 | O43: =LEN(N43) -> 0
A44: =IF(B44="","",IF(A44<>"",A44,#REF!)) | C44: =IF(B44="","",IF(C44<>"",C44,NOW())) | I44: =LEN(H44) -> 0 | K44: =LEN(J44) -> 0 | M44: =LEN(L44) -> 0 | O44: =LEN(N44) -> 0
A45: =IF(B45="","",IF(A45<>"",A45,#REF!)) | C45: =IF(B45="","",IF(C45<>"",C45,NOW())) | I45: =LEN(H45) -> 0 | K45: =LEN(J45) -> 0 | M45: =LEN(L45) -> 0 | O45: =LEN(N45) -> 0
A46: =IF(B46="","",IF(A46<>"",A46,#REF!)) | C46: =IF(B46="","",IF(C46<>"",C46,NOW())) | I46: =LEN(H46) -> 0 | K46: =LEN(J46) -> 0 | M46: =LEN(L46) -> 0 | O46: =LEN(N46) -> 0
A47: =IF(B47="","",IF(A47<>"",A47,#REF!)) | C47: =IF(B47="","",IF(C47<>"",C47,NOW())) | I47: =LEN(H47) -> 0 | K47: =LEN(J47) -> 0 | M47: =LEN(L47) -> 0 | O47: =LEN(N47) -> 0
... A49: =IF(B49="","",IF(A49<>"",A49,#REF!)) | C49: =IF(B49="","",IF(C49<>"",C49,NOW())) | I49: =LEN(H49) -> 0 | K49: =LEN(J49) -> 0 | M49: =LEN(L49) -> 0 | O49: =LEN(N49) -> 0
A50: 母联名称
A51: =IF(B51="","",IF(A51<>"",A51,#REF!)) -> #VALUE! | B51: bus_coupler | C51: =IF(B51="","",IF(C51<>"",C51,NOW())) -> 0 | D51: 鲍凯鹏 | G51: bus_coupler | H51: 母联 | I51: =LEN(H51) -> 2 | J51: Bus coupler | K51: =LEN(J51) -> 11 | M51: =LEN(L51) -> 0 | O51: =LEN(N51) -> 0
A52: =IF(B52="","",IF(A52<>"",A52,#REF!)) -> #VALUE! | B52: bus_section | C52: =IF(B52="","",IF(C52<>"",C52,NOW())) -> 0 | D52: 鲍凯鹏 | G52: bus_section | H52: 分段 | I52: =LEN(H52) -> 2 | J52: Bus section | K52: =LEN(J52) -> 11 | M52: =LEN(L52) -> 0 | O52: =LEN(N52) -> 0
A53: =IF(B53="","",IF(A53<>"",A53,#REF!)) | C53: =IF(B53="","",IF(C53<>"",C53,NOW())) | I53: =LEN(H53) -> 0 | K53: =LEN(J53) -> 0 | M53: =LEN(L53) -> 0 | O53: =LEN(N53) -> 0
A54: =IF(B54="","",IF(A54<>"",A54,#REF!)) | C54: =IF(B54="","",IF(C54<>"",C54,NOW())) | I54: =LEN(H54) -> 0 | K54: =LEN(J54) -> 0 | M54: =LEN(L54) -> 0 | O54: =LEN(N54) -> 0
A55: =IF(B55="","",IF(A55<>"",A55,#REF!)) | C55: =IF(B55="","",IF(C55<>"",C55,NOW())) | I55: =LEN(H55) -> 0 | K55: =LEN(J55) -> 0 | M55: =LEN(L55) -> 0 | O55: =LEN(N55) -> 0
A56: =IF(B56="","",IF(A56<>"",A56,#REF!)) | C56: =IF(B56="","",IF(C56<>"",C56,NOW())) | I56: =LEN(H56) -> 0 | K56: =LEN(J56) -> 0 | M56: =LEN(L56) -> 0 | O56: =LEN(N56) -> 0
A57: =IF(B57="","",IF(A57<>"",A57,#REF!)) | C57: =IF(B57="","",IF(C57<>"",C57,NOW())) | I57: =LEN(H57) -> 0 | K57: =LEN(J57) -> 0 | M57: =LEN(L57) -> 0 | O57: =LEN(N57) -> 0
A58: =IF(B58="","",IF(A58<>"",A58,#REF!)) | C58: =IF(B58="","",IF(C58<>"",C58,NOW())) | I58: =LEN(H58) -> 0 | K58: =LEN(J58) -> 0 | M58: =LEN(L58) -> 0 | O58: =LEN(N58) -> 0
A59: =IF(B59="","",IF(A59<>"",A59,#REF!)) | C59: =IF(B59="","",IF(C59<>"",C59,NOW())) | I59: =LEN(H59) -> 0 | K59: =LEN(J59) -> 0 | M59: =LEN(L59) -> 0 | O59: =LEN(N59) -> 0
A60: =IF(B60="","",IF(A60<>"",A60,#REF!)) | C60: =IF(B60="","",IF(C60<>"",C60,NOW())) | I60: =LEN(H60) -> 0 | K60: =LEN(J60) -> 0 | M60: =LEN(L60) -> 0 | O60: =LEN(N60) -> 0
A61: =IF(B61="","",IF(A61<>"",A61,#REF!)) | C61: =IF(B61="","",IF(C61<>"",C61,NOW())) | I61: =LEN(H61) -> 0 | K61: =LEN(J61) -> 0 | M61: =LEN(L61) -> 0 | O61: =LEN(N61) -> 0
A62: =IF(B62="","",IF(A62<>"",A62,#REF!)) | C62: =IF(B62="","",IF(C62<>"",C62,NOW())) | I62: =LEN(H62) -> 0 | K62: =LEN(J62) -> 0 | M62: =LEN(L62) -> 0 | O62: =LEN(N62) -> 0
A63: =IF(B63="","",IF(A63<>"",A63,#REF!)) | C63: =IF(B63="","",IF(C63<>"",C63,NOW())) | I63: =LEN(H63) -> 0 | K63: =LEN(J63) -> 0 | M63: =LEN(L63) -> 0 | O63: =LEN(N63) -> 0
A64: =IF(B64="","",IF(A64<>"",A64,#REF!)) | C64: =IF(B64="","",IF(C64<>"",C64,NOW())) | I64: =LEN(H64) -> 0 | K64: =LEN(J64) -> 0 | M64: =LEN(L64) -> 0 | O64: =LEN(N64) -> 0
... A70: =IF(B70="","",IF(A70<>"",A70,#REF!)) | C70: =IF(B70="","",IF(C70<>"",C70,NOW())) | I70: =LEN(H70) -> 0 | K70: =LEN(J70) -> 0 | M70: =LEN(L70) -> 0 | O70: =LEN(N70) -> 0
A71: 变压器各侧
A72: =IF(B72="","",IF(A72<>"",A72,#REF!)) -> #VALUE! | B72: high_voltage_side | C72: =IF(B72="","",IF(C72<>"",C72,NOW())) -> 0 | D72: 鲍凯鹏 | G72: high_voltage_side | H72: 高压侧 | I72: =LEN(H72) -> 3 | J72: HV side | K72: =LEN(J72) -> 7 | M72: =LEN(L72) -> 0 | O72: =LEN(N72) -> 0
A73: =IF(B73="","",IF(A73<>"",A73,#REF!)) -> #VALUE! | B73: middle_voltage_side | C73: =IF(B73="","",IF(C73<>"",C73,NOW())) -> 0 | D73: 鲍凯鹏 | G73: middle_voltage_side | H73: 中压侧 | I73: =LEN(H73) -> 3 | J73: MV side | K73: =LEN(J73) -> 7 | M73: =LEN(L73) -> 0 | O73: =LEN(N73) -> 0
A74: =IF(B74="","",IF(A74<>"",A74,#REF!)) -> #VALUE! | B74: low_voltage_side | C74: =IF(B74="","",IF(C74<>"",C74,NOW())) -> 0 | D74: 鲍凯鹏 | G74: low_voltage_side | H74: 低压侧 | I74: =LEN(H74) -> 3 | J74: LV side | K74: =LEN(J74) -> 7 | M74: =LEN(L74) -> 0 | O74: =LEN(N74) -> 0
A75: =IF(B75="","",IF(A75<>"",A75,#REF!)) -> #VALUE! | B75: low_voltage_side_1 | C75: =IF(B75="","",IF(C75<>"",C75,NOW())) -> 0 | D75: 鲍凯鹏 | G75: low_voltage_side_1 | H75: 低压侧1分支 | I75: =LEN(H75) -> 6 | J75: LV side 1 | K75: =LEN(J75) -> 9 | M75: =LEN(L75) -> 0 | O75: =LEN(N75) -> 0
A76: =IF(B76="","",IF(A76<>"",A76,#REF!)) -> #VALUE! | B76: low_voltage_side_2 | C76: =IF(B76="","",IF(C76<>"",C76,NOW())) -> 0 | D76: 鲍凯鹏 | G76: low_voltage_side_2 | H76: 低压侧2分支 | I76: =LEN(H76) -> 6 | J76: LV side 2 | K76: =LEN(J76) -> 9 | M76: =LEN(L76) -> 0 | O76: =LEN(N76) -> 0
A77: =IF(B77="","",IF(A77<>"",A77,#REF!)) -> #VALUE! | B77: low_voltage_side_3 | C77: =IF(B77="","",IF(C77<>"",C77,NOW())) -> 0 | D77: 鲍凯鹏 | G77: low_voltage_side_3 | H77: 低压侧3分支 | I77: =LEN(H77) -> 6 | J77: LV side 3 | K77: =LEN(J77) -> 9 | M77: =LEN(L77) -> 0 | O77: =LEN(N77) -> 0
A78: =IF(B78="","",IF(A78<>"",A78,#REF!)) | C78: =IF(B78="","",IF(C78<>"",C78,NOW())) | I78: =LEN(H78) -> 0 | K78: =LEN(J78) -> 0 | M78: =LEN(L78) -> 0 | O78: =LEN(N78) -> 0
A79: =IF(B79="","",IF(A79<>"",A79,#REF!)) | C79: =IF(B79="","",IF(C79<>"",C79,NOW())) | I79: =LEN(H79) -> 0 | K79: =LEN(J79) -> 0 | M79: =LEN(L79) -> 0 | O79: =LEN(N79) -> 0
A80: =IF(B80="","",IF(A80<>"",A80,#REF!)) | C80: =IF(B80="","",IF(C80<>"",C80,NOW())) | I80: =LEN(H80) -> 0 | K80: =LEN(J80) -> 0 | M80: =LEN(L80) -> 0 | O80: =LEN(N80) -> 0
A81: =IF(B81="","",IF(A81<>"",A81,#REF!)) | C81: =IF(B81="","",IF(C81<>"",C81,NOW())) | I81: =LEN(H81) -> 0 | K81: =LEN(J81) -> 0 | M81: =LEN(L81) -> 0 | O81: =LEN(N81) -> 0
A82: =IF(B82="","",IF(A82<>"",A82,#REF!)) | C82: =IF(B82="","",IF(C82<>"",C82,NOW())) | I82: =LEN(H82) -> 0 | K82: =LEN(J82) -> 0 | M82: =LEN(L82) -> 0 | O82: =LEN(N82) -> 0
A83: =IF(B83="","",IF(A83<>"",A83,#REF!)) | C83: =IF(B83="","",IF(C83<>"",C83,NOW())) | I83: =LEN(H83) -> 0 | K83: =LEN(J83) -> 0 | M83: =LEN(L83) -> 0 | O83: =LEN(N83) -> 0
A84: =IF(B84="","",IF(A84<>"",A84,#REF!)) | C84: =IF(B84="","",IF(C84<>"",C84,NOW())) | I84: =LEN(H84) -> 0 | K84: =LEN(J84) -> 0 | M84: =LEN(L84) -> 0 | O84: =LEN(N84) -> 0
A85: =IF(B85="","",IF(A85<>"",A85,#REF!)) | C85: =IF(B85="","",IF(C85<>"",C85,NOW())) | I85: =LEN(H85) -> 0 | K85: =LEN(J85) -> 0 | M85: =LEN(L85) -> 0 | O85: =LEN(N85) -> 0
A86: =IF(B86="","",IF(A86<>"",A86,#REF!)) | C86: =IF(B86="","",IF(C86<>"",C86,NOW())) | I86: =LEN(H86) -> 0 | K86: =LEN(J86) -> 0 | M86: =LEN(L86) -> 0 | O86: =LEN(N86) -> 0
A87: =IF(B87="","",IF(A87<>"",A87,#REF!)) | C87: =IF(B87="","",IF(C87<>"",C87,NOW())) | I87: =LEN(H87) -> 0 | K87: =LEN(J87) -> 0 | M87: =LEN(L87) -> 0 | O87: =LEN(N87) -> 0
A88: =IF(B88="","",IF(A88<>"",A88,#REF!)) | C88: =IF(B88="","",IF(C88<>"",C88,NOW())) | I88: =LEN(H88) -> 0 | K88: =LEN(J88) -> 0 | M88: =LEN(L88) -> 0 | O88: =LEN(N88) -> 0
A89: =IF(B89="","",IF(A89<>"",A89,#REF!)) | C89: =IF(B89="","",IF(C89<>"",C89,NOW())) | I89: =LEN(H89) -> 0 | K89: =LEN(J89) -> 0 | M89: =LEN(L89) -> 0 | O89: =LEN(N89) -> 0
... A104: =IF(B104="","",IF(A104<>"",A104,#REF!)) | C104: =IF(B104="","",IF(C104<>"",C104,NOW())) | I104: =LEN(H104) -> 0 | K104: =LEN(J104) -> 0 | M104: =LEN(L104) -> 0 | O104: =LEN(N104) -> 0
A105: 电容电抗
A106: =IF(B106="","",IF(A106<>"",A106,#REF!)) -> #VALUE! | B106: capacitor | C106: =IF(B106="","",IF(C106<>"",C106,NOW())) -> 0 | D106: 鲍凯鹏 | G106: capacitor | H106: 电容 | I106: =LEN(H106) -> 2 | J106: Capacitor | K106: =LEN(J106) -> 9 | M106: =LEN(L106) -> 0 | O106: =LEN(N106) -> 0
A107: =IF(B107="","",IF(A107<>"",A107,#REF!)) -> #VALUE! | B107: reactor | C107: =IF(B107="","",IF(C107<>"",C107,NOW())) -> 0 | D107: 鲍凯鹏 | G107: reactor | H107: 电抗 | I107: =LEN(H107) -> 2 | J107: Reactor | K107: =LEN(J107) -> 7 | M107: =LEN(L107) -> 0 | O107: =LEN(N107) -> 0
A108: =IF(B108="","",IF(A108<>"",A108,#REF!)) | C108: =IF(B108="","",IF(C108<>"",C108,NOW())) | I108: =LEN(H108) -> 0 | K108: =LEN(J108) -> 0 | M108: =LEN(L108) -> 0 | O108: =LEN(N108) -> 0
A109: =IF(B109="","",IF(A109<>"",A109,#REF!)) | C109: =IF(B109="","",IF(C109<>"",C109,NOW())) | I109: =LEN(H109) -> 0 | K109: =LEN(J109) -> 0 | M109: =LEN(L109) -> 0 | O109: =LEN(N109) -> 0
A110: =IF(B110="","",IF(A110<>"",A110,#REF!)) | C110: =IF(B110="","",IF(C110<>"",C110,NOW())) | I110: =LEN(H110) -> 0 | K110: =LEN(J110) -> 0 | M110: =LEN(L110) -> 0 | O110: =LEN(N110) -> 0
A111: =IF(B111="","",IF(A111<>"",A111,#REF!)) | C111: =IF(B111="","",IF(C111<>"",C111,NOW())) | I111: =LEN(H111) -> 0 | K111: =LEN(J111) -> 0 | M111: =LEN(L111) -> 0 | O111: =LEN(N111) -> 0
A112: =IF(B112="","",IF(A112<>"",A112,#REF!)) | C112: =IF(B112="","",IF(C112<>"",C112,NOW())) | I112: =LEN(H112) -> 0 | K112: =LEN(J112) -> 0 | M112: =LEN(L112) -> 0 | O112: =LEN(N112) -> 0
A113: =IF(B113="","",IF(A113<>"",A113,#REF!)) | C113: =IF(B113="","",IF(C113<>"",C113,NOW())) | I113: =LEN(H113) -> 0 | K113: =LEN(J113) -> 0 | M113: =LEN(L113) -> 0 | O113: =LEN(N113) -> 0
A114: =IF(B114="","",IF(A114<>"",A114,#REF!)) | C114: =IF(B114="","",IF(C114<>"",C114,NOW())) | I114: =LEN(H114) -> 0 | K114: =LEN(J114) -> 0 | M114: =LEN(L114) -> 0 | O114: =LEN(N114) -> 0
A115: =IF(B115="","",IF(A115<>"",A115,#REF!)) | C115: =IF(B115="","",IF(C115<>"",C115,NOW())) | I115: =LEN(H115) -> 0 | K115: =LEN(J115) -> 0 | M115: =LEN(L115) -> 0 | O115: =LEN(N115) -> 0
A116: =IF(B116="","",IF(A116<>"",A116,#REF!)) | C116: =IF(B116="","",IF(C116<>"",C116,NOW())) | I116: =LEN(H116) -> 0 | K116: =LEN(J116) -> 0 | M116: =LEN(L116) -> 0 | O116: =LEN(N116) -> 0
A117: =IF(B117="","",IF(A117<>"",A117,#REF!)) | C117: =IF(B117="","",IF(C117<>"",C117,NOW())) | I117: =LEN(H117) -> 0 | K117: =LEN(J117) -> 0 | M117: =LEN(L117) -> 0 | O117: =LEN(N117) -> 0
A118: =IF(B118="","",IF(A118<>"",A118,#REF!)) | C118: =IF(B118="","",IF(C118<>"",C118,NOW())) | I118: =LEN(H118) -> 0 | K118: =LEN(J118) -> 0 | M118: =LEN(L118) -> 0 | O118: =LEN(N118) -> 0
A119: =IF(B119="","",IF(A119<>"",A119,#REF!)) | C119: =IF(B119="","",IF(C119<>"",C119,NOW())) | I119: =LEN(H119) -> 0 | K119: =LEN(J119) -> 0 | M119: =LEN(L119) -> 0 | O119: =LEN(N119) -> 0
... A1189: =IF(B1189="","",IF(A1189<>"",A1189,#REF!)) | C1189: =IF(B1189="","",IF(C1189<>"",C1189,NOW())) | I1189: =LEN(H1189) -> 0 | K1189: =LEN(J1189) -> 0 | M1189: =LEN(L1189) -> 0 | O1189: =LEN(N1189) -> 0
...

Sheet 功能名
A1: 版本 | B1: Abbr | C1: 创建日期 | D1: 创建人 | E1: 词性备注 | F1: 术语中文释义 | G1: 术语英文释义 | H1: 中文术语 | J1: 英文术语 | L1: 西文术语 | N1: 俄文术语
H2: 术语 | I2: 字符数 | J2: 术语 | K2: 字符数 | L2: 术语 | M2: 字符数 | N2: 术语 | O2: 字符数
A3: 通用模块
B4: I3PM | C4: 44648 | D4: 罗琴琴 | E4: 名词短语 | G4: three phase current module | H4: 三相电流模块 | I4: =LEN(H4) -> 6 | J4: I3PM | K4: =LEN(功能名!J4) -> 4 | M4: 0 | O4: 0
K5: =LEN(功能名!J5) -> 0 | M5: 0 | O5: 0
K6: =LEN(功能名!J6) -> 0 | M6: 0 | O6: 0
K7: =LEN(功能名!J7) -> 0 | M7: 0 | O7: 0
K8: =LEN(功能名!J8) -> 0 | M8: 0 | O8: 0
K9: =LEN(功能名!J9) -> 0 | M9: 0 | O9: 0
K10: =LEN(功能名!J10) -> 0 | M10: 0 | O10: 0
K11: =LEN(功能名!J11) -> 0 | M11: 0 | O11: 0
I12: =LEN(H12) -> 0 | K12: =LEN(功能名!J12) -> 0 | M12: 0 | O12: 0
I13: =LEN(H13) -> 0 | K13: =LEN(功能名!J13) -> 0 | M13: 0 | O13: 0
I14: =LEN(H14) -> 0 | K14: =LEN(功能名!J14) -> 0 | M14: 0 | O14: 0
I15: =LEN(H15) -> 0 | K15: =LEN(功能名!J15) -> 0 | M15: 0 | O15: 0
I16: =LEN(H16) -> 0 | K16: =LEN(功能名!J16) -> 0 | M16: 0 | O16: 0
I17: =LEN(H17) -> 0 | K17: =LEN(功能名!J17) -> 0 | M17: 0 | O17: 0
I18: =LEN(H18) -> 0 | K18: =LEN(功能名!J18) -> 0 | M18: 0 | O18: 0
I19: =LEN(H19) -> 0 | K19: =LEN(功能名!J19) -> 0 | M19: 0 | O19: 0
I20: =LEN(H20) -> 0 | K20: =LEN(功能名!J20) -> 0 | M20: 0 | O20: 0
I21: =LEN(H21) -> 0 | K21: =LEN(功能名!J21) -> 0 | M21: 0 | O21: 0
A22: 保护功能 | K22: =LEN(功能名!J22) -> 0
A23: 1 | B23: RBRF_50BF | C23: 44630.581 | D23: 刘龙 | E23: 名词短语 | G23: circuit-breaker failure protection | H23: 失灵保护 | I23: =LEN(H23) -> 4 | J23: RBRF_50BF | K23: =LEN(功能名!J23) -> 9 | M23: 0 | O23: 0
K24: =LEN(功能名!J24) -> 0 | M24: 0 | O24: 0
K25: =LEN(功能名!J25) -> 0 | M25: 0 | O25: 0
K26: =LEN(功能名!J26) -> 0 | M26: 0 | O26: 0
K27: =LEN(功能名!J27) -> 0 | M27: 0 | O27: 0
K28: =LEN(功能名!J28) -> 0 | M28: 0 | O28: 0
K29: =LEN(功能名!J29) -> 0 | M29: 0 | O29: 0
K30: =LEN(功能名!J30) -> 0 | M30: 0 | O30: 0
K31: =LEN(功能名!J31) -> 0 | M31: 0 | O31: 0
K32: =LEN(功能名!J32) -> 0 | M32: 0 | O32: 0
K33: =LEN(功能名!J33) -> 0 | M33: 0 | O33: 0
K34: =LEN(功能名!J34) -> 0 | M34: 0 | O34: 0
K35: =LEN(功能名!J35) -> 0 | M35: 0 | O35: 0
K36: =LEN(功能名!J36) -> 0
I37: =LEN(H37) -> 0 | K37: =LEN(功能名!J37) -> 0
A38: 测量功能 | K38: =LEN(功能名!J38) -> 0
K39: =LEN(功能名!J39) -> 0 | M39: 0 | O39: 0
K40: =LEN(功能名!J40) -> 0 | M40: 0 | O40: 0
I41: =LEN(H41) -> 0 | K41: =LEN(功能名!J41) -> 0 | M41: 0 | O41: 0
I42: =LEN(H42) -> 0 | K42: =LEN(功能名!J42) -> 0 | M42: 0 | O42: 0
I43: =LEN(H43) -> 0 | K43: =LEN(功能名!J43) -> 0 | M43: 0 | O43: 0
I44: =LEN(H44) -> 0 | K44: =LEN(功能名!J44) -> 0 | M44: 0 | O44: 0
I45: =LEN(H45) -> 0 | K45: =LEN(功能名!J45) -> 0 | M45: 0 | O45: 0
I46: =LEN(H46) -> 0 | K46: =LEN(功能名!J46) -> 0 | M46: 0 | O46: 0
I47: =LEN(H47) -> 0 | K47: =LEN(功能名!J47) -> 0 | M47: 0 | O47: 0
I48: =LEN(H48) -> 0 | K48: =LEN(功能名!J48) -> 0 | M48: 0 | O48: 0
I49: =LEN(H49) -> 0 | K49: =LEN(功能名!J49) -> 0 | M49: 0 | O49: 0
I50: =LEN(H50) -> 0 | K50: =LEN(功能名!J50) -> 0 | M50: 0 | O50: 0
I51: =LEN(H51) -> 0 | K51: =LEN(功能名!J51) -> 0 | M51: 0 | O51: 0
I52: =LEN(H52) -> 0 | K52: =LEN(功能名!J52) -> 0 | M52: 0 | O52: 0
... I56: =LEN(H56) -> 0 | K56: =LEN(功能名!J56) -> 0 | M56: 0 | O56: 0
A57: 控制功能 | K57: =LEN(功能名!J57) -> 0
K58: =LEN(功能名!J58) -> 0 | M58: 0 | O58: 0
K59: =LEN(功能名!J59) -> 0 | M59: 0 | O59: 0
K60: =LEN(功能名!J60) -> 0 | M60: 0 | O60: 0
I61: =LEN(H61) -> 0 | K61: =LEN(功能名!J61) -> 0 | M61: 0 | O61: 0
I62: =LEN(H62) -> 0 | K62: =LEN(功能名!J62) -> 0 | M62: 0 | O62: 0
I63: =LEN(H63) -> 0 | K63: =LEN(功能名!J63) -> 0 | M63: 0 | O63: 0
I64: =LEN(H64) -> 0 | K64: =LEN(功能名!J64) -> 0 | M64: 0 | O64: 0
I65: =LEN(H65) -> 0 | K65: =LEN(功能名!J65) -> 0 | M65: 0 | O65: 0
I66: =LEN(H66) -> 0 | K66: =LEN(功能名!J66) -> 0 | M66: 0 | O66: 0
I67: =LEN(H67) -> 0 | K67: =LEN(功能名!J67) -> 0 | M67: 0 | O67: 0
I68: =LEN(H68) -> 0 | K68: =LEN(功能名!J68) -> 0 | M68: 0 | O68: 0
I69: =LEN(H69) -> 0 | K69: =LEN(功能名!J69) -> 0 | M69: 0 | O69: 0
I70: =LEN(H70) -> 0 | K70: =LEN(功能名!J70) -> 0 | M70: 0 | O70: 0
I71: =LEN(H71) -> 0 | K71: =LEN(功能名!J71) -> 0 | M71: 0 | O71: 0
I72: =LEN(H72) -> 0 | K72: =LEN(功能名!J72) -> 0 | M72: 0 | O72: 0
... I79: =LEN(H79) -> 0 | K79: =LEN(功能名!J79) -> 0 | M79: 0 | O79: 0
A80: PMU功能 | K80: =LEN(功能名!J80) -> 0
I81: =LEN(H81) -> 0 | K81: =LEN(功能名!J81) -> 0 | M81: 0 | O81: 0
I82: =LEN(H82) -> 0 | K82: =LEN(功能名!J82) -> 0 | M82: 0 | O82: 0
I83: =LEN(H83) -> 0 | K83: =LEN(功能名!J83) -> 0 | M83: 0 | O83: 0
I84: =LEN(H84) -> 0 | K84: =LEN(功能名!J84) -> 0 | M84: 0 | O84: 0
I85: =LEN(H85) -> 0 | K85: =LEN(功能名!J85) -> 0 | M85: 0 | O85: 0
I86: =LEN(H86) -> 0 | K86: =LEN(功能名!J86) -> 0 | M86: 0 | O86: 0
I87: =LEN(H87) -> 0 | K87: =LEN(功能名!J87) -> 0 | M87: 0 | O87: 0
I88: =LEN(H88) -> 0 | K88: =LEN(功能名!J88) -> 0 | M88: 0 | O88: 0
I89: =LEN(H89) -> 0 | K89: =LEN(功能名!J89) -> 0 | M89: 0 | O89: 0
I90: =LEN(H90) -> 0 | K90: =LEN(功能名!J90) -> 0 | M90: 0 | O90: 0
I91: =LEN(H91) -> 0 | K91: =LEN(功能名!J91) -> 0 | M91: 0 | O91: 0
I92: =LEN(H92) -> 0 | K92: =LEN(功能名!J92) -> 0 | M92: 0 | O92: 0
... I100: =LEN(H100) -> 0 | K100: =LEN(功能名!J100) -> 0 | M100: 0 | O100: 0
A101: 其他 | K101: =LEN(功能名!J101) -> 0
B102: XCBR | D102: 李逸星 | E102: 名词短语 | H102: 开关位置模块 | I102: =LEN(H102) -> 6 | J102: XCBR | K102: =LEN(功能名!J102) -> 4 | M102: 0 | O102: 0
B103: XSWI | D103: 刘龙 | E103: 名词短语 | H103: 刀闸模块 | I103: =LEN(H103) -> 4 | J103: XSWI | K103: =LEN(功能名!J103) -> 4 | M103: 0 | O103: 0
B104: CTS | D104: 薛宇 | E104: 名词短语 | G104: Current Transducer Supervision | H104: CT监测 | I104: =LEN(H104) -> 4 | J104: CTS | K104: =LEN(功能名!J104) -> 3 | M104: 0 | O104: 0
B105: VTS | D105: 薛宇 | E105: 名词短语 | G105: Voltage Transducer Supervision | H105: VT监测 | I105: =LEN(H105) -> 4 | J105: VTS | K105: =LEN(功能名!J105) -> 3 | M105: 0 | O105: 0
I106: =LEN(H106) -> 0 | K106: =LEN(功能名!J106) -> 0 | M106: 0 | O106: 0
I107: =LEN(H107) -> 0 | K107: =LEN(功能名!J107) -> 0 | M107: 0 | O107: 0
I108: =LEN(H108) -> 0 | K108: =LEN(功能名!J108) -> 0 | M108: 0 | O108: 0
I109: =LEN(H109) -> 0 | K109: =LEN(功能名!J109) -> 0 | M109: 0 | O109: 0
I110: =LEN(H110) -> 0 | K110: =LEN(功能名!J110) -> 0 | M110: 0 | O110: 0
I111: =LEN(H111) -> 0 | K111: =LEN(功能名!J111) -> 0 | M111: 0 | O111: 0
I112: =LEN(H112) -> 0 | K112: =LEN(功能名!J112) -> 0 | M112: 0 | O112: 0
I113: =LEN(H113) -> 0 | K113: =LEN(功能名!J113) -> 0 | M113: 0 | O113: 0
I114: =LEN(H114) -> 0 | K114: =LEN(功能名!J114) -> 0 | M114: 0 | O114: 0
I115: =LEN(H115) -> 0 | K115: =LEN(功能名!J115) -> 0 | M115: 0 | O115: 0
I116: =LEN(H116) -> 0 | K116: =LEN(功能名!J116) -> 0 | M116: 0 | O116: 0
...

Sheet BI
A1: 版本 | B1: Abbr | C1: 创建日期 | D1: 创建人 | E1: 词性备注 | F1: 术语中文释义 | G1: 术语英文释义 | H1: 中文术语 | J1: 英文术语
H2: 术语 | I2: 字符数 | J2: 术语 | K2: 字符数
A3: 软硬压板
K4: =LEN(J4) -> 0
K5: =LEN(J5) -> 0
K6: =LEN(J6) -> 0
K7: =LEN(J7) -> 0
K8: =LEN(J8) -> 0
A9: =IF(B9="","",IF(A9<>"",A9,#REF!)) | C9: =IF(B9="","",IF(C9<>"",C9,NOW())) | I9: =LEN(H9) -> 0 | K9: =LEN(J9) -> 0
A10: =IF(B10="","",IF(A10<>"",A10,#REF!)) | C10: =IF(B10="","",IF(C10<>"",C10,NOW())) | I10: =LEN(H10) -> 0 | K10: =LEN(J10) -> 0
A11: =IF(B11="","",IF(A11<>"",A11,#REF!)) | C11: =IF(B11="","",IF(C11<>"",C11,NOW())) | I11: =LEN(H11) -> 0 | K11: =LEN(J11) -> 0
A12: =IF(B12="","",IF(A12<>"",A12,#REF!)) | C12: =IF(B12="","",IF(C12<>"",C12,NOW())) | I12: =LEN(H12) -> 0 | K12: =LEN(J12) -> 0
A13: =IF(B13="","",IF(A13<>"",A13,#REF!)) | C13: =IF(B13="","",IF(C13<>"",C13,NOW())) | I13: =LEN(H13) -> 0 | K13: =LEN(J13) -> 0
A14: =IF(B14="","",IF(A14<>"",A14,#REF!)) | C14: =IF(B14="","",IF(C14<>"",C14,NOW())) | I14: =LEN(H14) -> 0 | K14: =LEN(J14) -> 0
A15: 遥信
K16: =LEN(J16) -> 0
K17: =LEN(J17) -> 0
K18: =LEN(J18) -> 0
K19: =LEN(J19) -> 0
K20: =LEN(J20) -> 0
K21: =LEN(J21) -> 0
K22: =LEN(J22) -> 0
K23: =LEN(J23) -> 0
K24: =LEN(J24) -> 0
K25: =LEN(J25) -> 0
K26: =LEN(J26) -> 0
K27: =LEN(J27) -> 0
... K35: =LEN(J35) -> 0
A36: =IF(B36="","",IF(A36<>"",A36,#REF!)) | C36: =IF(B36="","",IF(C36<>"",C36,NOW())) | I36: =LEN(H36) -> 0 | K36: =LEN(J36) -> 0
A37: =IF(B37="","",IF(A37<>"",A37,#REF!)) | C37: =IF(B37="","",IF(C37<>"",C37,NOW())) | I37: =LEN(H37) -> 0 | K37: =LEN(J37) -> 0
A38: 通用保护开入
K39: =LEN(J39) -> 0
K40: =LEN(J40) -> 0
K41: =LEN(J41) -> 0
A42: =IF(B42="","",IF(A42<>"",A42,#REF!)) | C42: =IF(B42="","",IF(C42<>"",C42,NOW())) | I42: =LEN(H42) -> 0 | K42: =LEN(J42) -> 0
A43: =IF(B43="","",IF(A43<>"",A43,#REF!)) | C43: =IF(B43="","",IF(C43<>"",C43,NOW())) | I43: =LEN(H43) -> 0 | K43: =LEN(J43) -> 0
A44: =IF(B44="","",IF(A44<>"",A44,#REF!)) | C44: =IF(B44="","",IF(C44<>"",C44,NOW())) | I44: =LEN(H44) -> 0 | K44: =LEN(J44) -> 0
A45: =IF(B45="","",IF(A45<>"",A45,#REF!)) | C45: =IF(B45="","",IF(C45<>"",C45,NOW())) | I45: =LEN(H45) -> 0 | K45: =LEN(J45) -> 0
A46: =IF(B46="","",IF(A46<>"",A46,#REF!)) | C46: =IF(B46="","",IF(C46<>"",C46,NOW())) | I46: =LEN(H46) -> 0 | K46: =LEN(J46) -> 0
A47: =IF(B47="","",IF(A47<>"",A47,#REF!)) | C47: =IF(B47="","",IF(C47<>"",C47,NOW())) | I47: =LEN(H47) -> 0 | K47: =LEN(J47) -> 0
A48: 保护开入
K49: =LEN(J49) -> 0
K50: =LEN(J50) -> 0
K51: =LEN(J51) -> 0
K52: =LEN(J52) -> 0
K53: =LEN(J53) -> 0
K54: =LEN(J54) -> 0
K55: =LEN(J55) -> 0
K56: =LEN(J56) -> 0
K57: =LEN(J57) -> 0
K58: =LEN(J58) -> 0
K59: =LEN(J59) -> 0
K60: =LEN(J60) -> 0
... K101: =LEN(J101) -> 0
K102: 16
A103: 1.0 | B103: in_50pd_init | C103: 44675 | D103: 余培懿 | E103: 形容词短语 | F103: 非全相开入标志，是位置和外部开入合成的信号 | H103: 非全相启动标志 | I103: 7 | J103: Initiate 50PD | K103: 0
A105: =IF(B105="","",IF(A105<>"",A105,#REF!)) | C105: =IF(B105="","",IF(C105<>"",C105,NOW())) | I105: =LEN(H105) -> 0 | K105: =LEN(J105) -> 0
A106: =IF(B106="","",IF(A106<>"",A106,#REF!)) | C106: =IF(B106="","",IF(C106<>"",C106,NOW())) | I106: =LEN(H106) -> 0 | K106: =LEN(J106) -> 0
A107: =IF(B107="","",IF(A107<>"",A107,#REF!)) | C107: =IF(B107="","",IF(C107<>"",C107,NOW())) | I107: =LEN(H107) -> 0 | K107: =LEN(J107) -> 0
A108: =IF(B108="","",IF(A108<>"",A108,#REF!)) | C108: =IF(B108="","",IF(C108<>"",C108,NOW())) | I108: =LEN(H108) -> 0 | K108: =LEN(J108) -> 0
A109: =IF(B109="","",IF(A109<>"",A109,#REF!)) | C109: =IF(B109="","",IF(C109<>"",C109,NOW())) | I109: =LEN(H109) -> 0 | K109: =LEN(J109) -> 0
A110: =IF(B110="","",IF(A110<>"",A110,#REF!)) | C110: =IF(B110="","",IF(C110<>"",C110,NOW())) | I110: =LEN(H110) -> 0 | K110: =LEN(J110) -> 0
A111: =IF(B111="","",IF(A111<>"",A111,#REF!)) | C111: =IF(B111="","",IF(C111<>"",C111,NOW())) | I111: =LEN(H111) -> 0 | K111: =LEN(J111) -> 0
A112: =IF(B112="","",IF(A112<>"",A112,#REF!)) | C112: =IF(B112="","",IF(C112<>"",C112,NOW())) | I112: =LEN(H112) -> 0 | K112: =LEN(J112) -> 0
A113: =IF(B113="","",IF(A113<>"",A113,#REF!)) | C113: =IF(B113="","",IF(C113<>"",C113,NOW())) | I113: =LEN(H113) -> 0 | K113: =LEN(J113) -> 0
C114: =IF(B114="","",IF(C114<>"",C114,NOW())) | I114: =LEN(H114) -> 0 | K114: =LEN(J114) -> 0
A115: 其他开入
K116: =LEN(J116) -> 0
K117: =LEN(J117) -> 0
K118: =LEN(J118) -> 0
K119: =LEN(J119) -> 0
K120: =LEN(J120) -> 0
K121: =LEN(J121) -> 0
K122: =LEN(J122) -> 0
K123: =LEN(J123) -> 0
K124: =LEN(J124) -> 0
K125: =LEN(J125) -> 0
K126: =LEN(J126) -> 0
K127: =LEN(J127) -> 0
... K151: =LEN(J151) -> 0
A152: =IF(B152="","",IF(A152<>"",A152,#REF!)) | C152: =IF(B152="","",IF(C152<>"",C152,NOW())) | I152: =LEN(H152) -> 0 | K152: =LEN(J152) -> 0
A153: =IF(B153="","",IF(A153<>"",A153,#REF!)) | C153: =IF(B153="","",IF(C153<>"",C153,NOW())) | I153: =LEN(H153) -> 0 | K153: =LEN(J153) -> 0
A154: =IF(B154="","",IF(A154<>"",A154,#REF!)) | C154: =IF(B154="","",IF(C154<>"",C154,NOW())) | I154: =LEN(H154) -> 0 | K154: =LEN(J154) -> 0
A155: =IF(B155="","",IF(A155<>"",A155,#REF!)) | C155: =IF(B155="","",IF(C155<>"",C155,NOW())) | I155: =LEN(H155) -> 0 | K155: =LEN(J155) -> 0
A156: =IF(B156="","",IF(A156<>"",A156,#REF!)) | C156: =IF(B156="","",IF(C156<>"",C156,NOW())) | I156: =LEN(H156) -> 0 | K156: =LEN(J156) -> 0
A157: =IF(B157="","",IF(A157<>"",A157,#REF!)) | C157: =IF(B157="","",IF(C157<>"",C157,NOW())) | I157: =LEN(H157) -> 0 | K157: =LEN(J157) -> 0
A158: =IF(B158="","",IF(A158<>"",A158,#REF!)) | C158: =IF(B158="","",IF(C158<>"",C158,NOW())) | I158: =LEN(H158) -> 0 | K158: =LEN(J158) -> 0
A159: =IF(B159="","",IF(A159<>"",A159,#REF!)) | C159: =IF(B159="","",IF(C159<>"",C159,NOW())) | I159: =LEN(H159) -> 0 | K159: =LEN(J159) -> 0
A160: =IF(B160="","",IF(A160<>"",A160,#REF!)) | C160: =IF(B160="","",IF(C160<>"",C160,NOW())) | I160: =LEN(H160) -> 0 | K160: =LEN(J160) -> 0
A161: =IF(B161="","",IF(A161<>"",A161,#REF!)) | C161: =IF(B161="","",IF(C161<>"",C161,NOW())) | I161: =LEN(H161) -> 0 | K161: =LEN(J161) -> 0
A162: =IF(B162="","",IF(A162<>"",A162,#REF!)) | C162: =IF(B162="","",IF(C162<>"",C162,NOW())) | I162: =LEN(H162) -> 0 | K162: =LEN(J162) -> 0
A163: =IF(B163="","",IF(A163<>"",A163,#REF!)) | C163: =IF(B163="","",IF(C163<>"",C163,NOW())) | I163: =LEN(H163) -> 0 | K163: =LEN(J163) -> 0
... A175: =IF(B175="","",IF(A175<>"",A175,#REF!)) | C175: =IF(B175="","",IF(C175<>"",C175,NOW())) | I175: =LEN(H175) -> 0 | K175: =LEN(J175) -> 0
A176: 只在逻辑图出现的BI
A177: =IF(B177="","",IF(A177<>"",A177,#REF!)) | C177: =IF(B177="","",IF(C177<>"",C177,NOW())) | I177: =LEN(H177) -> 0 | K177: =LEN(J177) -> 0
A178: =IF(B178="","",IF(A178<>"",A178,#REF!)) | C178: =IF(B178="","",IF(C178<>"",C178,NOW())) | I178: =LEN(H178) -> 0 | K178: =LEN(J178) -> 0
A179: =IF(B179="","",IF(A179<>"",A179,#REF!)) | C179: =IF(B179="","",IF(C179<>"",C179,NOW())) | I179: =LEN(H179) -> 0 | K179: =LEN(J179) -> 0
A180: =IF(B180="","",IF(A180<>"",A180,#REF!)) | C180: =IF(B180="","",IF(C180<>"",C180,NOW())) | I180: =LEN(H180) -> 0 | K180: =LEN(J180) -> 0
A181: =IF(B181="","",IF(A181<>"",A181,#REF!)) | C181: =IF(B181="","",IF(C181<>"",C181,NOW())) | I181: =LEN(H181) -> 0 | K181: =LEN(J181) -> 0
A182: =IF(B182="","",IF(A182<>"",A182,#REF!)) | C182: =IF(B182="","",IF(C182<>"",C182,NOW())) | I182: =LEN(H182) -> 0 | K182: =LEN(J182) -> 0
...

Sheet BO
A1: 版本 | B1: Abbr | C1: 创建日期 | D1: 创建人 | E1: 词性备注 | F1: 术语中文释义 | G1: 术语英文释义 | H1: 中文术语 | J1: 英文术语
H2: 术语 | I2: 字符数 | J2: 术语 | K2: 字符数
A3: 自检信息
K4: =LEN(J4) -> 0
K5: =LEN(J5) -> 0
K6: =LEN(J6) -> 0
K7: =LEN(J7) -> 0
K8: =LEN(J8) -> 0
K9: =LEN(J9) -> 0
K10: =LEN(J10) -> 0
K11: =LEN(J11) -> 0
K12: =LEN(J12) -> 0
K13: =LEN(J13) -> 0
K14: =LEN(J14) -> 0
K15: =LEN(J15) -> 0
... K30: =LEN(J30) -> 0
A31: =IF(B31="","",IF(A31<>"",A31,#REF!)) | C31: =IF(B31="","",IF(C31<>"",C31,NOW())) | I31: =LEN(H31) -> 0 | K31: =LEN(J31) -> 0
A32: =IF(B32="","",IF(A32<>"",A32,#REF!)) | C32: =IF(B32="","",IF(C32<>"",C32,NOW())) | I32: =LEN(H32) -> 0 | K32: =LEN(J32) -> 0
A33: =IF(B33="","",IF(A33<>"",A33,#REF!)) | C33: =IF(B33="","",IF(C33<>"",C33,NOW())) | I33: =LEN(H33) -> 0 | K33: =LEN(J33) -> 0
A34: 变位信息
A35: =IF(B35="","",IF(A35<>"",A35,#REF!)) -> #VALUE! | B35: flg_module_enable | C35: 44688.789 | D35: 赵琦 | E35: 状态 | G35: function of module enable | H35: 模块功能投入 | I35: =LEN(H35) -> 6 | J35: Function enabled | K35: =LEN(J35) -> 16
I87: 0 | K87: =LEN(J87) -> 0
I88: 0 | K88: =LEN(J88) -> 0
I89: 0 | K89: =LEN(J89) -> 0
I90: 0 | K90: =LEN(J90) -> 0
I91: 0 | K91: =LEN(J91) -> 0
I92: 0 | K92: =LEN(J92) -> 0
I93: 0 | K93: =LEN(J93) -> 0
I94: 0 | K94: =LEN(J94) -> 0
A95: =IF(B95="","",IF(A95<>"",A95,#REF!)) | C95: =IF(B95="","",IF(C95<>"",C95,NOW())) | I95: =LEN(H95) -> 0 | K95: =LEN(J95) -> 0
A96: =IF(B96="","",IF(A96<>"",A96,#REF!)) | C96: =IF(B96="","",IF(C96<>"",C96,NOW())) | I96: =LEN(H96) -> 0 | K96: =LEN(J96) -> 0
A97: 动作信息
A98: =IF(B98="","",IF(A98<>"",A98,#REF!)) -> #VALUE! | B98: relay_start | C98: =IF(B98="","",IF(C98<>"",C98,NOW())) -> 0 | D98: 鲍凯鹏 | E98: 动词短语 | G98: relay start | H98: 启动 | I98: =LEN(H98) -> 2 | J98: Start | K98: =LEN(J98) -> 5
I134: =LEN(H134) -> 0 | K134: =LEN(J134) -> 0
I135: =LEN(H135) -> 0 | K135: =LEN(J135) -> 0
I136: =LEN(H136) -> 0 | K136: =LEN(J136) -> 0
A137: 操作报告
A142: =IF(B142="","",IF(A142<>"",A142,#REF!)) -> #VALUE! | B142: gear_stop | C142: 44640 | D142: 赵琦 | E142: 动词短语 | G142: gear stop | H142: 急停 | I142: 2 | J142: Stop tap | K142: =LEN(J142) -> 8
A143: =IF(B143="","",IF(A143<>"",A143,#REF!)) | C143: =IF(B143="","",IF(C143<>"",C143,NOW())) | I143: =LEN(H143) -> 0 | K143: =LEN(J143) -> 0
A144: =IF(B144="","",IF(A144<>"",A144,#REF!)) | C144: =IF(B144="","",IF(C144<>"",C144,NOW())) | I144: =LEN(H144) -> 0 | K144: =LEN(J144) -> 0
I145: 0 | K145: 0
I146: 0 | K146: 0
A147: 跳闸模块的输出
I163: 0 | K163: =LEN(J163) -> 0
I164: 0 | K164: =LEN(J164) -> 0
I165: 0 | K165: =LEN(J165) -> 0
A166: 控制/序列控制/连锁输出
L176: Lower limit U not met
L177: Upper limit U not met
A211: =IF(B211="","",IF(A211<>"",A211,#REF!)) -> #VALUE! | B211: out_device_id | C211: =IF(B211="","",IF(C211<>"",C211,NOW())) -> 0 | D211: 赵琦 | E211: 名词短语 | F211: 序列控制模块：设备ID输出 | H211: 设备ID | I211: =LEN(H211) -> 4 | J211: Equipment ID | K211: =LEN(J211) -> 12
A212: =IF(B212="","",IF(A212<>"",A212,#REF!)) | C212: =IF(B212="","",IF(C212<>"",C212,NOW())) | I212: =LEN(H212) -> 0 | K212: =LEN(J212) -> 0
I213: 0 | K213: =LEN(J213) -> 0
A214: 功率/计量的输出
I225: 0 | K225: =LEN(J225) -> 0
A226: 其他开出
A227: =IF(B227="","",IF(A227<>"",A227,#REF!)) | C227: =IF(B227="","",IF(C227<>"",C227,NOW())) | I227: =LEN(H227) -> 0 | K227: =LEN(J227) -> 0
A228: =IF(B228="","",IF(A228<>"",A228,#REF!)) | C228: =IF(B228="","",IF(C228<>"",C228,NOW())) | I228: =LEN(H228) -> 0 | K228: =LEN(J228) -> 0
A229: =IF(B229="","",IF(A229<>"",A229,#REF!)) | C229: =IF(B229="","",IF(C229<>"",C229,NOW())) | I229: =LEN(H229) -> 0 | K229: =LEN(J229) -> 0
A230: =IF(B230="","",IF(A230<>"",A230,#REF!)) | C230: =IF(B230="","",IF(C230<>"",C230,NOW())) | I230: =LEN(H230) -> 0 | K230: =LEN(J230) -> 0
A231: 只在逻辑图出现的BO
A258: =IF(B258="","",IF(A258<>"",A258,#REF!)) | C258: =IF(B258="","",IF(C258<>"",C258,NOW())) | I258: =LEN(H258) -> 0 | K258: =LEN(J258) -> 0
A259: =IF(B259="","",IF(A259<>"",A259,#REF!)) | C259: =IF(B259="","",IF(C259<>"",C259,NOW())) | I259: =LEN(H259) -> 0 | K259: =LEN(J259) -> 0
A260: =IF(B260="","",IF(A260<>"",A260,#REF!)) | C260: =IF(B260="","",IF(C260<>"",C260,NOW())) | I260: =LEN(H260) -> 0 | K260: =LEN(J260) -> 0
A261: =IF(B261="","",IF(A261<>"",A261,#REF!)) | C261: =IF(B261="","",IF(C261<>"",C261,NOW())) | I261: =LEN(H261) -> 0 | K261: =LEN(J261) -> 0
A262: =IF(B262="","",IF(A262<>"",A262,#REF!)) | C262: =IF(B262="","",IF(C262<>"",C262,NOW())) | I262: =LEN(H262) -> 0 | K262: =LEN(J262) -> 0
A263: =IF(B263="","",IF(A263<>"",A263,#REF!)) | C263: =IF(B263="","",IF(C263<>"",C263,NOW())) | I263: =LEN(H263) -> 0 | K263: =LEN(J263) -> 0
A264: =IF(B264="","",IF(A264<>"",A264,#REF!)) | C264: =IF(B264="","",IF(C264<>"",C264,NOW())) | I264: =LEN(H264) -> 0 | K264: =LEN(J264) -> 0
A265: =IF(B265="","",IF(A265<>"",A265,#REF!)) | C265: =IF(B265="","",IF(C265<>"",C265,NOW())) | I265: =LEN(H265) -> 0 | K265: =LEN(J265) -> 0
A266: =IF(B266="","",IF(A266<>"",A266,#REF!)) | C266: =IF(B266="","",IF(C266<>"",C266,NOW())) | I266: =LEN(H266) -> 0 | K266: =LEN(J266) -> 0
A267: =IF(B267="","",IF(A267<>"",A267,#REF!)) | C267: =IF(B267="","",IF(C267<>"",C267,NOW())) | I267: =LEN(H267) -> 0 | K267: =LEN(J267) -> 0
A268: =IF(B268="","",IF(A268<>"",A268,#REF!)) | C268: =IF(B268="","",IF(C268<>"",C268,NOW())) | I268: =LEN(H268) -> 0 | K268: =LEN(J268) -> 0
A269: =IF(B269="","",IF(A269<>"",A269,#REF!)) | C269: =IF(B269="","",IF(C269<>"",C269,NOW())) | I269: =LEN(H269) -> 0 | K269: =LEN(J269) -> 0
... A1236: =IF(B1236="","",IF(A1236<>"",A1236,#REF!)) | C1236: =IF(B1236="","",IF(C1236<>"",C1236,NOW())) | I1236: =LEN(H1236) -> 0 | K1236: =LEN(J1236) -> 0
C1237: =IF(B1237="","",IF(C1237<>"",C1237,NOW())) | I1237: =LEN(H1237) -> 0 | K1237: =LEN(J1237) -> 0
I1238: =LEN(H1238) -> 0 | K1238: =LEN(J1238) -> 0
I1239: =LEN(H1239) -> 0 | K1239: =LEN(J1239) -> 0
I1240: =LEN(H1240) -> 0 | K1240: =LEN(J1240) -> 0

Sheet AI
A1: 版本 | B1: Abbr | C1: 创建日期 | D1: 创建人 | E1: 词性备注 | F1: 术语中文释义 | G1: 术语英文释义 | H1: 中文术语 | J1: 英文术语
H2: 术语 | I2: 字符数 | J2: 术语 | K2: 字符数
A3: 电压
A4: 1.0 | B4: in_u3p | C4: =IF(B4="","",IF(C4<>"",C4,NOW())) -> 0 | D4: 薛宇 | E4: 名词短语 | F4: 三相电压输入模块 | G4: 3-phase voltage input module | H4: 三相电压输入 | I4: =LEN(H4) -> 6 | J4: U3ph | K4: =LEN(J4) -> 4
A16: =IF(B16="","",IF(A16<>"",A16,#REF!)) | C16: =IF(B16="","",IF(C16<>"",C16,NOW())) | I16: =LEN(H16) -> 0 | K16: =LEN(J16) -> 0
A17: 电流
A26: =IF(B26="","",IF(A26<>"",A26,#REF!)) | C26: =IF(B26="","",IF(C26<>"",C26,NOW())) | I26: =LEN(H26) -> 0 | K26: =LEN(J26) -> 0
A27: =IF(B27="","",IF(A27<>"",A27,#REF!)) | C27: =IF(B27="","",IF(C27<>"",C27,NOW())) | I27: =LEN(H27) -> 0 | K27: =LEN(J27) -> 0
A28: =IF(B28="","",IF(A28<>"",A28,#REF!)) | C28: =IF(B28="","",IF(C28<>"",C28,NOW())) | I28: =LEN(H28) -> 0 | K28: =LEN(J28) -> 0
A29: 其他
A57: =IF(B57="","",IF(A57<>"",A57,#REF!)) | C57: =IF(B57="","",IF(C57<>"",C57,NOW())) | I57: =LEN(H57) -> 0 | K57: =LEN(J57) -> 0
A58: =IF(B58="","",IF(A58<>"",A58,#REF!)) | C58: =IF(B58="","",IF(C58<>"",C58,NOW())) | I58: =LEN(H58) -> 0 | K58: =LEN(J58) -> 0
A59: =IF(B59="","",IF(A59<>"",A59,#REF!)) | C59: =IF(B59="","",IF(C59<>"",C59,NOW())) | I59: =LEN(H59) -> 0 | K59: =LEN(J59) -> 0
A60: =IF(B60="","",IF(A60<>"",A60,#REF!)) | C60: =IF(B60="","",IF(C60<>"",C60,NOW())) | I60: =LEN(H60) -> 0 | K60: =LEN(J60) -> 0
A61: =IF(B61="","",IF(A61<>"",A61,#REF!)) | C61: =IF(B61="","",IF(C61<>"",C61,NOW())) | I61: =LEN(H61) -> 0 | K61: =LEN(J61) -> 0
A62: =IF(B62="","",IF(A62<>"",A62,#REF!)) | C62: =IF(B62="","",IF(C62<>"",C62,NOW())) | I62: =LEN(H62) -> 0 | K62: =LEN(J62) -> 0
A63: =IF(B63="","",IF(A63<>"",A63,#REF!)) | C63: =IF(B63="","",IF(C63<>"",C63,NOW())) | I63: =LEN(H63) -> 0 | K63: =LEN(J63) -> 0
A64: =IF(B64="","",IF(A64<>"",A64,#REF!)) | C64: =IF(B64="","",IF(C64<>"",C64,NOW())) | I64: =LEN(H64) -> 0 | K64: =LEN(J64) -> 0
A65: =IF(B65="","",IF(A65<>"",A65,#REF!)) | C65: =IF(B65="","",IF(C65<>"",C65,NOW())) | I65: =LEN(H65) -> 0 | K65: =LEN(J65) -> 0
A66: =IF(B66="","",IF(A66<>"",A66,#REF!)) | C66: =IF(B66="","",IF(C66<>"",C66,NOW())) | I66: =LEN(H66) -> 0 | K66: =LEN(J66) -> 0
A67: =IF(B67="","",IF(A67<>"",A67,#REF!)) | C67: =IF(B67="","",IF(C67<>"",C67,NOW())) | I67: =LEN(H67) -> 0 | K67: =LEN(J67) -> 0
A68: =IF(B68="","",IF(A68<>"",A68,#REF!)) | C68: =IF(B68="","",IF(C68<>"",C68,NOW())) | I68: =LEN(H68) -> 0 | K68: =LEN(J68) -> 0
... A1144: =IF(B1144="","",IF(A1144<>"",A1144,#REF!)) | C1144: =IF(B1144="","",IF(C1144<>"",C1144,NOW())) | I1144: =LEN(H1144) -> 0 | K1144: =LEN(J1144) -> 0
C1145: =IF(B1145="","",IF(C1145<>"",C1145,NOW())) | I1145: =LEN(H1145) -> 0 | K1145: =LEN(J1145) -> 0
I1146: =LEN(H1146) -> 0 | K1146: =LEN(J1146) -> 0
I1147: =LEN(H1147) -> 0 | K1147: =LEN(J1147) -> 0
I1148: =LEN(H1148) -> 0 | K1148: =LEN(J1148) -> 0

Sheet AO
A1: 版本 | B1: Abbr | C1: 创建日期 | D1: 创建人 | E1: 词性备注 | F1: 术语中文释义 | G1: 术语英文释义 | H1: 中文术语 | J1: 英文术语 | L1: ABB类全驼峰 | N1: 展开（缩写采用单驼峰,首字母大写） | P1: 单多驼峰搭配下划线（继保类似）
H2: 术语 | I2: 字符数 | J2: 术语 | K2: 字符数 | L2: 术语 | M2: 字符数 | N2: 术语 | O2: 字符数 | P2: 术语 | Q2: 字符数
A3: 频率
A4: 1.0 | B4: freq | C4: =IF(B4="","",IF(C4<>"",C4,NOW())) -> 44832.439 | D4: 赵琦 | E4: 名词短语 | G4: frequency | H4: 频率 | I4: =LEN(H4) -> 2 | J4: f | K4: =LEN(J4) -> 1 | L4: f | M4: =LEN(L4) -> 1 | N4: Frequency | O4: =LEN(N4) -> 9 | P4: f | Q4: =LEN(P4) -> 1
A9: 电压
A39: 电流
A65: 相角
A80: =IF(B80="","",IF(A80<>"",A80,#REF!)) | C80: =IF(B80="","",IF(C80<>"",C80,NOW())) | I80: =LEN(H80) -> 0 | K80: =LEN(J80) -> 0 | M80: =LEN(L80) -> 0 | O80: =LEN(N80) -> 0 | Q80: =LEN(P80) -> 0
A81: =IF(B81="","",IF(A81<>"",A81,#REF!)) | C81: =IF(B81="","",IF(C81<>"",C81,NOW())) | I81: =LEN(H81) -> 0 | K81: =LEN(J81) -> 0 | M81: =LEN(L81) -> 0 | O81: =LEN(N81) -> 0 | Q81: =LEN(P81) -> 0
A82: =IF(B82="","",IF(A82<>"",A82,#REF!)) | C82: =IF(B82="","",IF(C82<>"",C82,NOW())) | I82: =LEN(H82) -> 0 | K82: =LEN(J82) -> 0 | M82: =LEN(L82) -> 0 | O82: =LEN(N82) -> 0 | Q82: =LEN(P82) -> 0
A83: =IF(B83="","",IF(A83<>"",A83,#REF!)) | C83: =IF(B83="","",IF(C83<>"",C83,NOW())) | I83: =LEN(H83) -> 0 | K83: =LEN(J83) -> 0 | M83: =LEN(L83) -> 0 | O83: =LEN(N83) -> 0 | Q83: =LEN(P83) -> 0
A84: =IF(B84="","",IF(A84<>"",A84,#REF!)) | C84: =IF(B84="","",IF(C84<>"",C84,NOW())) | I84: =LEN(H84) -> 0 | K84: =LEN(J84) -> 0 | M84: =LEN(L84) -> 0 | O84: =LEN(N84) -> 0 | Q84: =LEN(P84) -> 0
A85: =IF(B85="","",IF(A85<>"",A85,#REF!)) | C85: =IF(B85="","",IF(C85<>"",C85,NOW())) | I85: =LEN(H85) -> 0 | K85: =LEN(J85) -> 0 | M85: =LEN(L85) -> 0 | O85: =LEN(N85) -> 0 | Q85: =LEN(P85) -> 0
A86: =IF(B86="","",IF(A86<>"",A86,#REF!)) | C86: =IF(B86="","",IF(C86<>"",C86,NOW())) | I86: =LEN(H86) -> 0 | K86: =LEN(J86) -> 0 | M86: =LEN(L86) -> 0 | O86: =LEN(N86) -> 0 | Q86: =LEN(P86) -> 0
A87: =IF(B87="","",IF(A87<>"",A87,#REF!)) | C87: =IF(B87="","",IF(C87<>"",C87,NOW())) | I87: =LEN(H87) -> 0 | K87: =LEN(J87) -> 0 | M87: =LEN(L87) -> 0 | O87: =LEN(N87) -> 0 | Q87: =LEN(P87) -> 0
A88: =IF(B88="","",IF(A88<>"",A88,#REF!)) | C88: =IF(B88="","",IF(C88<>"",C88,NOW())) | I88: =LEN(H88) -> 0 | K88: =LEN(J88) -> 0 | M88: =LEN(L88) -> 0 | O88: =LEN(N88) -> 0 | Q88: =LEN(P88) -> 0
A89: =IF(B89="","",IF(A89<>"",A89,#REF!)) | C89: =IF(B89="","",IF(C89<>"",C89,NOW())) | I89: =LEN(H89) -> 0 | K89: =LEN(J89) -> 0 | M89: =LEN(L89) -> 0 | O89: =LEN(N89) -> 0 | Q89: =LEN(P89) -> 0
A90: =IF(B90="","",IF(A90<>"",A90,#REF!)) | C90: =IF(B90="","",IF(C90<>"",C90,NOW())) | I90: =LEN(H90) -> 0 | K90: =LEN(J90) -> 0 | M90: =LEN(L90) -> 0 | O90: =LEN(N90) -> 0 | Q90: =LEN(P90) -> 0
A91: =IF(B91="","",IF(A91<>"",A91,#REF!)) | C91: =IF(B91="","",IF(C91<>"",C91,NOW())) | I91: =LEN(H91) -> 0 | K91: =LEN(J91) -> 0 | M91: =LEN(L91) -> 0 | O91: =LEN(N91) -> 0 | Q91: =LEN(P91) -> 0
A92: =IF(B92="","",IF(A92<>"",A92,#REF!)) | C92: =IF(B92="","",IF(C92<>"",C92,NOW())) | I92: =LEN(H92) -> 0 | K92: =LEN(J92) -> 0 | M92: =LEN(L92) -> 0 | O92: =LEN(N92) -> 0 | Q92: =LEN(P92) -> 0
A93: 功率
A118: =IF(B118="","",IF(A118<>"",A118,#REF!)) | C118: =IF(B118="","",IF(C118<>"",C118,NOW())) | I118: =LEN(H118) -> 0 | K118: =LEN(J118) -> 0 | M118: =LEN(L118) -> 0 | O118: =LEN(N118) -> 0 | Q118: =LEN(P118) -> 0
A119: =IF(B119="","",IF(A119<>"",A119,#REF!)) | C119: =IF(B119="","",IF(C119<>"",C119,NOW())) | I119: =LEN(H119) -> 0 | K119: =LEN(J119) -> 0 | M119: =LEN(L119) -> 0 | O119: =LEN(N119) -> 0 | Q119: =LEN(P119) -> 0
A120: =IF(B120="","",IF(A120<>"",A120,#REF!)) | C120: =IF(B120="","",IF(C120<>"",C120,NOW())) | I120: =LEN(H120) -> 0 | K120: =LEN(J120) -> 0 | M120: =LEN(L120) -> 0 | O120: =LEN(N120) -> 0 | Q120: =LEN(P120) -> 0
A121: 电量
A145: =IF(B145="","",IF(A145<>"",A145,#REF!)) | C145: =IF(B145="","",IF(C145<>"",C145,NOW())) | K145: =LEN(J145) -> 0 | M145: =LEN(L145) -> 0 | O145: =LEN(N145) -> 0 | Q145: =LEN(P145) -> 0
A146: =IF(B146="","",IF(A146<>"",A146,#REF!)) | C146: =IF(B146="","",IF(C146<>"",C146,NOW())) | K146: =LEN(J146) -> 0 | M146: =LEN(L146) -> 0 | O146: =LEN(N146) -> 0 | Q146: =LEN(P146) -> 0
A147: 保护控制功能输出
A156: =IF(B156="","",IF(A156<>"",A156,#REF!)) | C156: =IF(B156="","",IF(C156<>"",C156,NOW())) | I156: =LEN(H156) -> 0 | K156: =LEN(J156) -> 0 | M156: =LEN(L156) -> 0 | O156: =LEN(N156) -> 0 | Q156: =LEN(P156) -> 0
A157: =IF(B157="","",IF(A157<>"",A157,#REF!)) | C157: =IF(B157="","",IF(C157<>"",C157,NOW())) | I157: =LEN(H157) -> 0 | K157: =LEN(J157) -> 0 | M157: =LEN(L157) -> 0 | O157: =LEN(N157) -> 0 | Q157: =LEN(P157) -> 0
A158: =IF(B158="","",IF(A158<>"",A158,#REF!)) | C158: =IF(B158="","",IF(C158<>"",C158,NOW())) | I158: =LEN(H158) -> 0 | K158: =LEN(J158) -> 0 | M158: =LEN(L158) -> 0 | O158: =LEN(N158) -> 0 | Q158: =LEN(P158) -> 0
A160: =IF(B160="","",IF(A160<>"",A160,#REF!)) | C160: =IF(B160="","",IF(C160<>"",C160,NOW())) | I160: =LEN(H160) -> 0 | K160: =LEN(J160) -> 0 | M160: =LEN(L160) -> 0 | O160: =LEN(N160) -> 0 | Q160: =LEN(P160) -> 0
A161: =IF(B161="","",IF(A161<>"",A161,#REF!)) | C161: =IF(B161="","",IF(C161<>"",C161,NOW())) | I161: =LEN(H161) -> 0 | K161: =LEN(J161) -> 0 | M161: =LEN(L161) -> 0 | O161: =LEN(N161) -> 0 | Q161: =LEN(P161) -> 0
I162: =LEN(H162) -> 0 | K162: =LEN(J162) -> 0 | M162: =LEN(L162) -> 0 | O162: =LEN(N162) -> 0 | Q162: =LEN(P162) -> 0
I163: =LEN(H163) -> 0 | K163: =LEN(J163) -> 0 | M163: =LEN(L163) -> 0 | O163: =LEN(N163) -> 0 | Q163: =LEN(P163) -> 0
I164: =LEN(H164) -> 0 | K164: =LEN(J164) -> 0 | M164: =LEN(L164) -> 0 | O164: =LEN(N164) -> 0 | Q164: =LEN(P164) -> 0
I165: =LEN(H165) -> 0 | K165: =LEN(J165) -> 0 | M165: =LEN(L165) -> 0 | O165: =LEN(N165) -> 0 | Q165: =LEN(P165) -> 0
I166: =LEN(H166) -> 0 | K166: =LEN(J166) -> 0 | M166: =LEN(L166) -> 0 | O166: =LEN(N166) -> 0 | Q166: =LEN(P166) -> 0
I167: =LEN(H167) -> 0 | K167: =LEN(J167) -> 0 | M167: =LEN(L167) -> 0 | O167: =LEN(N167) -> 0 | Q167: =LEN(P167) -> 0
A168: =IF(B168="","",IF(A168<>"",A168,#REF!)) | C168: =IF(B168="","",IF(C168<>"",C168,NOW())) | I168: =LEN(H168) -> 0 | K168: =LEN(J168) -> 0 | M168: =LEN(L168) -> 0 | O168: =LEN(N168) -> 0 | Q168: =LEN(P168) -> 0
A169: =IF(B169="","",IF(A169<>"",A169,#REF!)) | C169: =IF(B169="","",IF(C169<>"",C169,NOW())) | I169: =LEN(H169) -> 0 | K169: =LEN(J169) -> 0 | M169: =LEN(L169) -> 0 | O169: =LEN(N169) -> 0 | Q169: =LEN(P169) -> 0
A170: =IF(B170="","",IF(A170<>"",A170,#REF!)) | C170: =IF(B170="","",IF(C170<>"",C170,NOW())) | I170: =LEN(H170) -> 0 | K170: =LEN(J170) -> 0 | M170: =LEN(L170) -> 0 | O170: =LEN(N170) -> 0 | Q170: =LEN(P170) -> 0
A171: =IF(B171="","",IF(A171<>"",A171,#REF!)) | C171: =IF(B171="","",IF(C171<>"",C171,NOW())) | I171: =LEN(H171) -> 0 | K171: =LEN(J171) -> 0 | M171: =LEN(L171) -> 0 | O171: =LEN(N171) -> 0 | Q171: =LEN(P171) -> 0
A172: =IF(B172="","",IF(A172<>"",A172,#REF!)) | C172: =IF(B172="","",IF(C172<>"",C172,NOW())) | I172: =LEN(H172) -> 0 | K172: =LEN(J172) -> 0 | M172: =LEN(L172) -> 0 | O172: =LEN(N172) -> 0 | Q172: =LEN(P172) -> 0
A173: =IF(B173="","",IF(A173<>"",A173,#REF!)) | C173: =IF(B173="","",IF(C173<>"",C173,NOW())) | I173: =LEN(H173) -> 0 | K173: =LEN(J173) -> 0 | M173: =LEN(L173) -> 0 | O173: =LEN(N173) -> 0 | Q173: =LEN(P173) -> 0
A174: =IF(B174="","",IF(A174<>"",A174,#REF!)) | C174: =IF(B174="","",IF(C174<>"",C174,NOW())) | I174: =LEN(H174) -> 0 | K174: =LEN(J174) -> 0 | M174: =LEN(L174) -> 0 | O174: =LEN(N174) -> 0 | Q174: =LEN(P174) -> 0
A175: =IF(B175="","",IF(A175<>"",A175,#REF!)) | C175: =IF(B175="","",IF(C175<>"",C175,NOW())) | I175: =LEN(H175) -> 0 | K175: =LEN(J175) -> 0 | M175: =LEN(L175) -> 0 | O175: =LEN(N175) -> 0 | Q175: =LEN(P175) -> 0
A176: =IF(B176="","",IF(A176<>"",A176,#REF!)) | C176: =IF(B176="","",IF(C176<>"",C176,NOW())) | I176: =LEN(H176) -> 0 | K176: =LEN(J176) -> 0 | M176: =LEN(L176) -> 0 | O176: =LEN(N176) -> 0 | Q176: =LEN(P176) -> 0
A177: =IF(B177="","",IF(A177<>"",A177,#REF!)) | C177: =IF(B177="","",IF(C177<>"",C177,NOW())) | I177: =LEN(H177) -> 0 | K177: =LEN(J177) -> 0 | M177: =LEN(L177) -> 0 | O177: =LEN(N177) -> 0 | Q177: =LEN(P177) -> 0
A178: =IF(B178="","",IF(A178<>"",A178,#REF!)) | C178: =IF(B178="","",IF(C178<>"",C178,NOW())) | I178: =LEN(H178) -> 0 | K178: =LEN(J178) -> 0 | M178: =LEN(L178) -> 0 | O178: =LEN(N178) -> 0 | Q178: =LEN(P178) -> 0
A179: =IF(B179="","",IF(A179<>"",A179,#REF!)) | C179: =IF(B179="","",IF(C179<>"",C179,NOW())) | I179: =LEN(H179) -> 0 | K179: =LEN(J179) -> 0 | M179: =LEN(L179) -> 0 | O179: =LEN(N179) -> 0 | Q179: =LEN(P179) -> 0
... A1206: =IF(B1206="","",IF(A1206<>"",A1206,#REF!)) | C1206: =IF(B1206="","",IF(C1206<>"",C1206,NOW())) | I1206: =LEN(H1206) -> 0 | K1206: =LEN(J1206) -> 0 | M1206: =LEN(L1206) -> 0 | O1206: =LEN(N1206) -> 0 | Q1206: =LEN(P1206) -> 0
C1207: =IF(B1207="","",IF(C1207<>"",C1207,NOW())) | I1207: =LEN(H1207) -> 0 | K1207: =LEN(J1207) -> 0 | M1207: =LEN(L1207) -> 0 | O1207: =LEN(N1207) -> 0 | Q1207: =LEN(P1207) -> 0
I1208: =LEN(H1208) -> 0 | K1208: =LEN(J1208) -> 0 | M1208: =LEN(L1208) -> 0 | O1208: =LEN(N1208) -> 0 | Q1208: =LEN(P1208) -> 0
I1209: =LEN(H1209) -> 0 | K1209: =LEN(J1209) -> 0 | M1209: =LEN(L1209) -> 0 | O1209: =LEN(N1209) -> 0 | Q1209: =LEN(P1209) -> 0
I1210: =LEN(H1210) -> 0 | K1210: =LEN(J1210) -> 0 | M1210: =LEN(L1210) -> 0 | O1210: =LEN(N1210) -> 0 | Q1210: =LEN(P1210) -> 0

Sheet 功能定值
A1: 版本 | B1: Abbr | C1: 创建日期 | D1: 创建人 | E1: 词性备注 | F1: 术语中文释义 | G1: 术语英文释义 | H1: 中文术语 | J1: 英文术语 | L1: ABB类全驼峰 | N1: 展开（缩写采用单驼峰,首字母大写） | P1: 单多驼峰搭配下划线（继保类似） | R1: 展开（缩写可采用单/多驼峰）
H2: 术语 | I2: 字符数 | J2: 术语 | K2: 字符数 | L2: 术语 | M2: 字符数 | N2: 术语 | O2: 字符数 | P2: 术语 | Q2: 字符数 | R2: 术语 | S2: 字符数
A3: 装置参数
O4: =LEN(N4) -> 0 | Q4: =LEN(P4) -> 0 | S4: =LEN(R4) -> 0
O5: =LEN(N5) -> 0 | Q5: =LEN(P5) -> 0 | S5: =LEN(R5) -> 0
O6: =LEN(N6) -> 0 | Q6: =LEN(P6) -> 0 | S6: =LEN(R6) -> 0
O7: =LEN(N7) -> 0 | Q7: =LEN(P7) -> 0 | S7: =LEN(R7) -> 0
O8: =LEN(N8) -> 0 | Q8: =LEN(P8) -> 0 | S8: =LEN(R8) -> 0
O9: =LEN(N9) -> 0 | Q9: =LEN(P9) -> 0 | S9: =LEN(R9) -> 0
O10: =LEN(N10) -> 0 | Q10: =LEN(P10) -> 0 | S10: =LEN(R10) -> 0
O11: =LEN(N11) -> 0 | Q11: =LEN(P11) -> 0 | S11: =LEN(R11) -> 0
O12: =LEN(N12) -> 0 | Q12: =LEN(P12) -> 0 | S12: =LEN(R12) -> 0
O13: =LEN(N13) -> 0 | Q13: =LEN(P13) -> 0 | S13: =LEN(R13) -> 0
O14: =LEN(N14) -> 0 | Q14: =LEN(P14) -> 0 | S14: =LEN(R14) -> 0
O15: =LEN(N15) -> 0 | Q15: =LEN(P15) -> 0 | S15: =LEN(R15) -> 0
... O17: =LEN(N17) -> 0 | Q17: =LEN(P17) -> 0 | S17: =LEN(R17) -> 0
A18: =IF(B18="","",IF(A18<>"",A18,#REF!)) | C18: =IF(B18="","",IF(C18<>"",C18,NOW())) | I18: =LEN(H18) -> 0 | K18: =LEN(J18) -> 0 | M18: =LEN(L18) -> 0 | O18: =LEN(N18) -> 0 | Q18: =LEN(P18) -> 0 | S18: =LEN(R18) -> 0
A19: =IF(B19="","",IF(A19<>"",A19,#REF!)) | C19: =IF(B19="","",IF(C19<>"",C19,NOW())) | I19: =LEN(H19) -> 0 | K19: =LEN(J19) -> 0 | M19: =LEN(L19) -> 0 | O19: =LEN(N19) -> 0 | Q19: =LEN(P19) -> 0 | S19: =LEN(R19) -> 0
A20: 设备参数
A35: =IF(B35="","",IF(A35<>"",A35,#REF!)) | C35: =IF(B35="","",IF(C35<>"",C35,NOW())) | I35: =LEN(H35) -> 0 | K35: =LEN(J35) -> 0 | M35: =LEN(L35) -> 0 | O35: =LEN(N35) -> 0 | Q35: =LEN(P35) -> 0 | S35: =LEN(R35) -> 0
A36: 通用
I59: 0 | K59: =LEN(J59) -> 0 | M59: =LEN(L59) -> 0 | O59: =LEN(N59) -> 0 | Q59: =LEN(P59) -> 0 | S59: =LEN(R59) -> 0
A60: =IF(B60="","",IF(A60<>"",A60,#REF!)) | C60: =IF(B60="","",IF(C60<>"",C60,NOW())) | I60: =LEN(H60) -> 0 | K60: =LEN(J60) -> 0 | M60: =LEN(L60) -> 0 | O60: =LEN(N60) -> 0 | Q60: =LEN(P60) -> 0 | S60: =LEN(R60) -> 0
A61: 过流保护
A62: 1.0 | B62: set_harmblk_ratio | C62: =IF(B62="","",IF(C62<>"",C62,NOW())) -> 44832.439 | D62: 赵成虎 | E62: 名词短语 | G62: second harmonic blocking value | H62: 谐波闭锁定值 | I62: =LEN(H62) -> 6 | J62: Hm2> block value | K62: =LEN(J62) -> 16 | L62: BlkValOverHm2 | M62: =LEN(功能定值!L62) -> 13 | N62: Hm2> Block Value | O62: =LEN(N62) -> 16 | P62: BlkVal_OverHm2 | Q62: =LEN(P62) -> 14 | R62: Hm2> BlockValue | S62: =LEN(R62) -> 15
I89: =LEN(H89) -> 0 | K89: =LEN(J89) -> 0 | M89: =LEN(L89) -> 0 | O89: =LEN(N89) -> 0 | Q89: =LEN(P89) -> 0 | S89: =LEN(R89) -> 0
A90: 过压/欠压保护
A91: =IF(B91="","",IF(A91<>"",A91,#REF!)) -> #VALUE! | B91: set_voltsel | C91: =IF(B91="","",IF(C91<>"",C91,NOW())) -> 44832.439 | D91: 曹义 | G91: select phase or phase to phase voltage | H91: 相/线选择 | I91: =LEN(H91) -> 5 | J91: Option of measured value | K91: =LEN(J91) -> 24 | L91: OptionMeasuredValue | M91: =LEN(L91) -> 19 | N91: Option of Meas Value | O91: =LEN(N91) -> 20 | P91: Option_MeasValue | Q91: =LEN(P91) -> 16 | R91: Option of MeasValue | S91: =LEN(R91) -> 19
S92: =LEN(R92) -> 0
S93: =LEN(R93) -> 0
S94: =LEN(R94) -> 0
S95: =LEN(R95) -> 0
S96: =LEN(R96) -> 0
S97: =LEN(R97) -> 0
A98: =IF(B98="","",IF(A98<>"",A98,#REF!)) | I98: =LEN(H98) -> 0 | K98: =LEN(J98) -> 0 | M98: =LEN(L98) -> 0 | O98: =LEN(N98) -> 0 | Q98: =LEN(P98) -> 0 | S98: =LEN(R98) -> 0
A99: 热过负荷保护
S100: =LEN(R100) -> 0
S101: =LEN(R101) -> 0
S102: =LEN(R102) -> 0
S103: =LEN(R103) -> 0
S104: =LEN(R104) -> 0
A105: =IF(B105="","",IF(A105<>"",A105,#REF!)) | C105: =IF(B105="","",IF(C105<>"",C105,NOW())) | I105: =LEN(H105) -> 0 | K105: =LEN(J105) -> 0 | M105: =LEN(L105) -> 0 | O105: =LEN(N105) -> 0 | Q105: =LEN(P105) -> 0 | S105: =LEN(R105) -> 0
A106: 失灵保护
S107: =LEN(R107) -> 0
S108: =LEN(R108) -> 0
S109: =LEN(R109) -> 0
S110: =LEN(R110) -> 0
S111: =LEN(R111) -> 0
S112: =LEN(R112) -> 0
S113: =LEN(R113) -> 0
S114: =LEN(R114) -> 0
S115: =LEN(R115) -> 0
S116: =LEN(R116) -> 0
S117: =LEN(R117) -> 0
S118: =LEN(R118) -> 0
... S120: =LEN(R120) -> 0
S121: 0
S122: =LEN(R122) -> 0
S123: =LEN(R123) -> 0
S124: =LEN(R124) -> 0
S125: =LEN(R125) -> 0
S126: =LEN(R126) -> 0
S127: =LEN(R126) -> 0
S128: =LEN(R128) -> 0
A129: =IF(B129="","",IF(A129<>"",A129,#REF!)) | C129: =IF(B129="","",IF(C129<>"",C129,NOW())) | I129: =LEN(H129) -> 0 | K129: =LEN(J129) -> 0 | M129: =LEN(L129) -> 0 | O129: =LEN(N129) -> 0 | Q129: =LEN(P129) -> 0 | S129: =LEN(R129) -> 0
A131: =IF(B131="","",IF(A131<>"",A131,#REF!)) | C131: =IF(B131="","",IF(C131<>"",C131,NOW())) | I131: =LEN(H131) -> 0 | K131: =LEN(J131) -> 0 | M131: =LEN(L131) -> 1 | O131: =LEN(N131) -> 0 | Q131: =LEN(P131) -> 0 | S131: =LEN(R131) -> 0
A132: 过频/低频保护
S133: =LEN(R133) -> 0
A134: =IF(B134="","",IF(A134<>"",A134,#REF!)) | C134: =IF(B134="","",IF(C134<>"",C134,NOW())) | I134: =LEN(H134) -> 0 | K134: =LEN(J134) -> 0 | M134: =LEN(L134) -> 0 | O134: =LEN(N134) -> 0 | Q134: =LEN(P134) -> 0 | S134: =LEN(R134) -> 0
A135: 非全相保护
S136: =LEN(R136) -> 0
S137: =LEN(R137) -> 0
A138: =IF(B138="","",IF(A138<>"",A138,#REF!)) | C138: =IF(B138="","",IF(C138<>"",C138,NOW())) | I138: =LEN(H138) -> 0 | K138: =LEN(J138) -> 0 | M138: =LEN(L138) -> 0 | O138: =LEN(N138) -> 0 | Q138: =LEN(P138) -> 0 | S138: =LEN(R138) -> 0
A141: 自动重合闸
A173: =IF(B173="","",IF(A173<>"",A173,#REF!)) | C173: =IF(B173="","",IF(C173<>"",C173,NOW())) | I173: =LEN(H173) -> 0 | K173: =LEN(J173) -> 0 | M173: =LEN(L173) -> 0 | O173: =LEN(N173) -> 0 | Q173: =LEN(P173) -> 0 | S173: =LEN(R173) -> 0
A174: 同期检测
S175: =LEN(R175) -> 0
S176: =LEN(R176) -> 0
S177: =LEN(R177) -> 0
S178: =LEN(R178) -> 0
S179: =LEN(R179) -> 0
S180: =LEN(R180) -> 0
S181: =LEN(R181) -> 0
S182: =LEN(R182) -> 0
S183: =LEN(R183) -> 0
S184: =LEN(R184) -> 0
S185: =LEN(R185) -> 0
S186: =LEN(R186) -> 0
... S200: =LEN(R200) -> 0
A201: =IF(B201="","",IF(A201<>"",A201,#REF!)) | C201: =IF(B201="","",IF(C201<>"",C201,NOW())) | I201: =LEN(H201) -> 0 | K201: =LEN(J201) -> 0 | M201: =LEN(L201) -> 0 | O201: =LEN(N201) -> 0 | Q201: =LEN(P201) -> 0 | S201: =LEN(R201) -> 0
A202: 功率计算/计量计算
A231: =IF(B231="","",IF(A231<>"",A231,#REF!)) -> #VALUE! | B231: set_err_delay_time6 | C231: =IF(B231="","",IF(C231<>"",C231,NOW())) -> 44832.439 | D231: 赵琦 | E231: 名词短语 | F231: 计量模块：总无功脉冲故障输入防抖时间 | H231: 总无功脉冲故障防抖时间 | I231: =LEN(H231) -> 11 | J231: Pulse debounce time Qt | K231: =LEN(J231) -> 22 | L231: PulseDebounceTimeTotQt | M231: =LEN(L231) -> 22 | N231: Pls Debounce Time ∑Qt | O231: =LEN(N231) -> 21 | P231: Pls_DebounceTime_TotQt | Q231: =LEN(P231) -> 22 | R231: Pls DebounceTime TotQt | S231: =LEN(R231) -> 22
A232: =IF(B232="","",IF(A232<>"",A232,#REF!)) | I232: =LEN(H232) -> 0 | K232: =LEN(J232) -> 0 | M232: =LEN(L232) -> 0 | O232: =LEN(N232) -> 0 | Q232: =LEN(P232) -> 0 | S232: =LEN(R232) -> 0
A233: =IF(B233="","",IF(A233<>"",A233,#REF!)) | C233: =IF(B233="","",IF(C233<>"",C233,NOW())) | I233: =LEN(H233) -> 0 | K233: =LEN(J233) -> 0 | M233: =LEN(L233) -> 0 | O233: =LEN(N233) -> 0 | Q233: =LEN(P233) -> 0 | S233: =LEN(R233) -> 0
A234: 设备控制/连锁/控制序列
A273: =IF(B273="","",IF(A273<>"",A273,#REF!)) | C273: =IF(B273="","",IF(C273<>"",C273,NOW())) | I273: =LEN(H273) -> 0 | K273: =LEN(J273) -> 0 | M273: =LEN(L273) -> 0 | O273: =LEN(N273) -> 0 | Q273: =LEN(P273) -> 0 | S273: =LEN(R273) -> 0
A274: 开关位置/刀闸
A275: =IF(B275="","",IF(A275<>"",A275,#REF!)) -> #VALUE! | B275: en_phs_cb | C275: =IF(B275="","",IF(C275<>"",C275,NOW())) -> 44832.439 | D275: 李逸星 | E275: 名词短语 | F275: 分相开关使能，1：投入，0：退出 | G275: enable separate phase，1：enabled；0:disabled | H275: 分相开关使能 | I275: =LEN(H275) -> 6 | J275: Enable PhSeg operation | K275: =LEN(J275) -> 22 | L275: PhSegOperationEna | M275: =LEN(L275) -> 17 | N275: Ph-Seg Operation Ena | O275: =LEN(N275) -> 20 | P275: PhSeg_Operation_Ena | Q275: =LEN(P275) -> 19 | R275: PhSeg Operation Ena
A276: 1.0 | B276: en_cb_pd | C276: 44675.804 | D276: 李逸星 | E276: 名词短语 | F276: 开关非全相使能，1：投入，0：退出 | G276: enable pole discrepancy，1：enabled；0:disabled | H276: 开关非全相使能 | I276: =LEN(H276) -> 7 | J276: Enable CB PD | K276: =LEN(J276) -> 12 | L276: PDOfCBEna | M276: =LEN(L276) -> 9 | N276: PD of CB Ena | O276: =LEN(N276) -> 12 | P276: PD_CB_Ena | Q276: =LEN(P276) -> 9 | R276: PD of CB Ena
A296: =IF(B296="","",IF(A296<>"",A296,#REF!)) | C296: =IF(B296="","",IF(C296<>"",C296,NOW())) | I296: =LEN(H296) -> 0 | K296: =LEN(J296) -> 0 | M296: =LEN(L296) -> 0 | O296: =LEN(N296) -> 0 | Q296: =LEN(P296) -> 0
...

Sheet 应用申请的菜单
A1: 版本 | B1: Abbr | C1: 创建日期 | D1: 创建人 | E1: 词性备注 | F1: 术语中文释义 | G1: 术语英文释义 | H1: 中文术语 | J1: 英文术语 | L1: 西文术语 | N1: 俄文术语
H2: 术语 | I2: 字符数 | J2: 术语 | K2: 字符数 | L2: 术语 | M2: 字符数 | N2: 术语 | O2: 字符数
M3: =LEN(L3) -> 0 | O3: =LEN(N3) -> 0
M4: =LEN(L4) -> 0 | O4: =LEN(N4) -> 0
M5: =LEN(L5) -> 0 | O5: =LEN(N5) -> 0
M6: =LEN(L6) -> 0 | O6: =LEN(N6) -> 0
M7: =LEN(L7) -> 0 | O7: =LEN(N7) -> 0
M8: =LEN(L8) -> 0 | O8: =LEN(N8) -> 0
M9: =LEN(L9) -> 0 | O9: =LEN(N9) -> 0
M10: =LEN(L10) -> 0 | O10: =LEN(N10) -> 0
M11: =LEN(L11) -> 0 | O11: =LEN(N11) -> 0
M12: =LEN(L12) -> 0 | O12: =LEN(N12) -> 0
M13: =LEN(L13) -> 0 | O13: =LEN(N13) -> 0
M14: =LEN(L14) -> 0 | O14: =LEN(N14) -> 0
... M89: =LEN(L89) -> 0 | O89: =LEN(N89) -> 0
A90: =IF(B90="","",IF(A90<>"",A90,#REF!)) | C90: =IF(B90="","",IF(C90<>"",C90,NOW())) | I90: =LEN(H90) -> 0 | K90: =LEN(J90) -> 0 | M90: =LEN(L90) -> 0 | O90: =LEN(N90) -> 0
A91: =IF(B91="","",IF(A91<>"",A91,#REF!)) | C91: =IF(B91="","",IF(C91<>"",C91,NOW())) | I91: =LEN(H91) -> 0 | K91: =LEN(J91) -> 0 | M91: =LEN(L91) -> 0 | O91: =LEN(N91) -> 0
A92: =IF(B92="","",IF(A92<>"",A92,#REF!)) | C92: =IF(B92="","",IF(C92<>"",C92,NOW())) | I92: =LEN(H92) -> 0 | K92: =LEN(J92) -> 0 | M92: =LEN(L92) -> 0 | O92: =LEN(N92) -> 0
A93: =IF(B93="","",IF(A93<>"",A93,#REF!)) | C93: =IF(B93="","",IF(C93<>"",C93,NOW())) | I93: =LEN(H93) -> 0 | K93: =LEN(J93) -> 0 | M93: =LEN(L93) -> 0 | O93: =LEN(N93) -> 0
A94: =IF(B94="","",IF(A94<>"",A94,#REF!)) | C94: =IF(B94="","",IF(C94<>"",C94,NOW())) | I94: =LEN(H94) -> 0 | K94: =LEN(J94) -> 0 | M94: =LEN(L94) -> 0 | O94: =LEN(N94) -> 0
A95: =IF(B95="","",IF(A95<>"",A95,#REF!)) | C95: =IF(B95="","",IF(C95<>"",C95,NOW())) | I95: =LEN(H95) -> 0 | K95: =LEN(J95) -> 0 | M95: =LEN(L95) -> 0 | O95: =LEN(N95) -> 0
A96: =IF(B96="","",IF(A96<>"",A96,#REF!)) | C96: =IF(B96="","",IF(C96<>"",C96,NOW())) | I96: =LEN(H96) -> 0 | K96: =LEN(J96) -> 0 | M96: =LEN(L96) -> 0 | O96: =LEN(N96) -> 0
A97: =IF(B97="","",IF(A97<>"",A97,#REF!)) | C97: =IF(B97="","",IF(C97<>"",C97,NOW())) | I97: =LEN(H97) -> 0 | K97: =LEN(J97) -> 0 | M97: =LEN(L97) -> 0 | O97: =LEN(N97) -> 0
A98: =IF(B98="","",IF(A98<>"",A98,#REF!)) | C98: =IF(B98="","",IF(C98<>"",C98,NOW())) | I98: =LEN(H98) -> 0 | K98: =LEN(J98) -> 0 | M98: =LEN(L98) -> 0 | O98: =LEN(N98) -> 0
A99: =IF(B99="","",IF(A99<>"",A99,#REF!)) | C99: =IF(B99="","",IF(C99<>"",C99,NOW())) | I99: =LEN(H99) -> 0 | K99: =LEN(J99) -> 0 | M99: =LEN(L99) -> 0 | O99: =LEN(N99) -> 0
A100: =IF(B100="","",IF(A100<>"",A100,#REF!)) | C100: =IF(B100="","",IF(C100<>"",C100,NOW())) | I100: =LEN(H100) -> 0 | K100: =LEN(J100) -> 0 | M100: =LEN(L100) -> 0 | O100: =LEN(N100) -> 0
A101: =IF(B101="","",IF(A101<>"",A101,#REF!)) | C101: =IF(B101="","",IF(C101<>"",C101,NOW())) | I101: =LEN(H101) -> 0 | K101: =LEN(J101) -> 0 | M101: =LEN(L101) -> 0 | O101: =LEN(N101) -> 0
... A1198: =IF(B1198="","",IF(A1198<>"",A1198,#REF!)) | C1198: =IF(B1198="","",IF(C1198<>"",C1198,NOW())) | I1198: =LEN(H1198) -> 0 | K1198: =LEN(J1198) -> 0 | M1198: =LEN(L1198) -> 0 | O1198: =LEN(N1198) -> 0
C1199: =IF(B1199="","",IF(C1199<>"",C1199,NOW())) | I1199: =LEN(H1199) -> 0 | K1199: =LEN(J1199) -> 0 | M1199: =LEN(L1199) -> 0 | O1199: =LEN(N1199) -> 0
I1200: =LEN(H1200) -> 0 | K1200: =LEN(J1200) -> 0 | M1200: =LEN(L1200) -> 0 | O1200: =LEN(N1200) -> 0
I1201: =LEN(H1201) -> 0 | K1201: =LEN(J1201) -> 0 | M1201: =LEN(L1201) -> 0 | O1201: =LEN(N1201) -> 0
I1202: =LEN(H1202) -> 0 | K1202: =LEN(J1202) -> 0 | M1202: =LEN(L1202) -> 0 | O1202: =LEN(N1202) -> 0

Sheet 枚举量
A1: 版本 | B1: Abbr | C1: 创建日期 | D1: 创建人 | E1: 词性备注 | F1: 术语中文释义 | G1: 术语英文释义 | H1: 中文术语 | J1: 小写英文术语（不含缩写） | L1: ABB类全驼峰 | N1: 展开（缩写采用单驼峰,首字母大写）
H2: 术语 | I2: 字符数 | J2: 术语 | K2: 字符数 | L2: 术语 | M2: 字符数 | N2: 术语 | O2: 字符数
A3: 参数/定值枚举量 | I3: 0 | K3: 0 | M3: 0 | O3: 0
I4: =LEN(H4) -> 0 | K4: =LEN(J4) -> 0 | M4: 0 | O4: =LEN(N4) -> 0
O5: =LEN(N5) -> 0
O6: =LEN(N6) -> 0
O7: =LEN(N7) -> 0
O8: =LEN(N8) -> 0
O9: =LEN(N9) -> 0
O10: =LEN(N10) -> 0
O11: =LEN(N11) -> 0
O12: =LEN(N12) -> 0
O13: =LEN(N13) -> 0
O14: =LEN(N14) -> 0
O15: =LEN(N15) -> 0
O16: =LEN(N16) -> 0
... O143: =LEN(N143) -> 0
A144: BI/BO枚举量 | I144: 0 | K144: 0 | M144: =LEN(L144) -> 0 | O144: 0
I145: 0 | K145: 0 | M145: =LEN(L145) -> 0 | O145: 0
I146: 0 | K146: 0 | M146: =LEN(L146) -> 0 | O146: 0
I147: 0 | K147: 0 | M147: =LEN(L147) -> 0 | O147: 0
I148: 0 | K148: 0 | M148: =LEN(L148) -> 0 | O148: 0
I149: 0 | K149: 0 | M149: =LEN(L149) -> 0 | O149: 0
I150: 0 | K150: 0 | M150: =LEN(L150) -> 0 | O150: 0
I151: 0 | K151: 0 | M151: =LEN(L151) -> 0 | O151: 0
I152: 0 | K152: 0 | M152: =LEN(L152) -> 0 | O152: 0
I153: 0 | K153: 0 | M153: =LEN(L153) -> 0 | O153: 0
I154: 0 | K154: 0 | M154: =LEN(L154) -> 0 | O154: 0
I155: 0 | K155: 0 | M155: =LEN(L155) -> 0 | O155: 0
I156: 0 | K156: 0 | M156: =LEN(L156) -> 0 | O156: 0
I157: 0 | K157: 0 | M157: 0 | O157: 0
I158: 0 | K158: 0 | M158: 0 | O158: 0
I159: 0 | K159: 0 | M159: 0 | O159: 0
I160: 0 | K160: 0 | M160: 0 | O160: 0
I161: 0 | K161: 0 | M161: 0 | O161: 0
I162: 0 | K162: 0 | M162: 0 | O162: 0
I163: 0 | K163: 0 | M163: 0 | O163: 0
I164: 0 | K164: 0 | M164: 0 | O164: 0
I165: 0 | K165: 0 | M165: 0 | O165: 0
I166: 0 | K166: 0 | M166: 0 | O166: 0
I167: 0 | K167: 0 | M167: 0 | O167: 0
I168: 0 | K168: 0 | M168: 0 | O168: 0
... I1264: 0 | K1264: 0 | M1264: 0 | O1264: 0
I1265: =LEN(H1265) -> 0 | K1265: =LEN(J1265) -> 0 | M1265: =LEN(L1265) -> 0 | O1265: =LEN(N1265) -> 0
I1266: =LEN(H1266) -> 0 | K1266: =LEN(J1266) -> 0 | M1266: =LEN(L1266) -> 0 | O1266: =LEN(N1266) -> 0

Sheet 品质位
A1: 版本 | B1: Abbr | C1: 创建日期 | D1: 创建人 | E1: 词性备注 | F1: 术语中文释义 | G1: 术语英文释义 | H1: 中文术语 | J1: 英文术语 | L1: 西文术语 | N1: 俄文术语
H2: 术语 | I2: 字符数 | J2: 术语 | K2: 字符数 | L2: 术语 | M2: 字符数 | N2: 术语 | O2: 字符数
A3: =IF(B3="","",IF(A3<>"",A3,#REF!)) | C3: =IF(B3="","",IF(C3<>"",C3,NOW())) | I3: =LEN(H3) -> 0 | K3: =LEN(J3) -> 0 | M3: =LEN(L3) -> 0 | O3: =LEN(N3) -> 0
A4: =IF(B4="","",IF(A4<>"",A4,#REF!)) | C4: =IF(B4="","",IF(C4<>"",C4,NOW())) | I4: =LEN(H4) -> 0 | K4: =LEN(J4) -> 0 | M4: =LEN(L4) -> 0 | O4: =LEN(N4) -> 0
A5: =IF(B5="","",IF(A5<>"",A5,#REF!)) | C5: =IF(B5="","",IF(C5<>"",C5,NOW())) | I5: =LEN(H5) -> 0 | K5: =LEN(J5) -> 0 | M5: =LEN(L5) -> 0 | O5: =LEN(N5) -> 0
A6: =IF(B6="","",IF(A6<>"",A6,#REF!)) | C6: =IF(B6="","",IF(C6<>"",C6,NOW())) | I6: =LEN(H6) -> 0 | K6: =LEN(J6) -> 0 | M6: =LEN(L6) -> 0 | O6: =LEN(N6) -> 0
A7: =IF(B7="","",IF(A7<>"",A7,#REF!)) | C7: =IF(B7="","",IF(C7<>"",C7,NOW())) | I7: =LEN(H7) -> 0 | K7: =LEN(J7) -> 0 | M7: =LEN(L7) -> 0 | O7: =LEN(N7) -> 0
A8: =IF(B8="","",IF(A8<>"",A8,#REF!)) | C8: =IF(B8="","",IF(C8<>"",C8,NOW())) | I8: =LEN(H8) -> 0 | K8: =LEN(J8) -> 0 | M8: =LEN(L8) -> 0 | O8: =LEN(N8) -> 0
A9: =IF(B9="","",IF(A9<>"",A9,#REF!)) | C9: =IF(B9="","",IF(C9<>"",C9,NOW())) | I9: =LEN(H9) -> 0 | K9: =LEN(J9) -> 0 | M9: =LEN(L9) -> 0 | O9: =LEN(N9) -> 0
A10: =IF(B10="","",IF(A10<>"",A10,#REF!)) | C10: =IF(B10="","",IF(C10<>"",C10,NOW())) | I10: =LEN(H10) -> 0 | K10: =LEN(J10) -> 0 | M10: =LEN(L10) -> 0 | O10: =LEN(N10) -> 0
A11: =IF(B11="","",IF(A11<>"",A11,#REF!)) | C11: =IF(B11="","",IF(C11<>"",C11,NOW())) | I11: =LEN(H11) -> 0 | K11: =LEN(J11) -> 0 | M11: =LEN(L11) -> 0 | O11: =LEN(N11) -> 0
A12: =IF(B12="","",IF(A12<>"",A12,#REF!)) | C12: =IF(B12="","",IF(C12<>"",C12,NOW())) | I12: =LEN(H12) -> 0 | K12: =LEN(J12) -> 0 | M12: =LEN(L12) -> 0 | O12: =LEN(N12) -> 0
A13: =IF(B13="","",IF(A13<>"",A13,#REF!)) | C13: =IF(B13="","",IF(C13<>"",C13,NOW())) | I13: =LEN(H13) -> 0 | K13: =LEN(J13) -> 0 | M13: =LEN(L13) -> 0 | O13: =LEN(N13) -> 0
A14: =IF(B14="","",IF(A14<>"",A14,#REF!)) | C14: =IF(B14="","",IF(C14<>"",C14,NOW())) | I14: =LEN(H14) -> 0 | K14: =LEN(J14) -> 0 | M14: =LEN(L14) -> 0 | O14: =LEN(N14) -> 0
... A1198: =IF(B1198="","",IF(A1198<>"",A1198,#REF!)) | C1198: =IF(B1198="","",IF(C1198<>"",C1198,NOW())) | I1198: =LEN(H1198) -> 0 | K1198: =LEN(J1198) -> 0 | M1198: =LEN(L1198) -> 0 | O1198: =LEN(N1198) -> 0
C1199: =IF(B1199="","",IF(C1199<>"",C1199,NOW())) | I1199: =LEN(H1199) -> 0 | K1199: =LEN(J1199) -> 0 | M1199: =LEN(L1199) -> 0 | O1199: =LEN(N1199) -> 0
I1200: =LEN(H1200) -> 0 | K1200: =LEN(J1200) -> 0 | M1200: =LEN(L1200) -> 0 | O1200: =LEN(N1200) -> 0
I1201: =LEN(H1201) -> 0 | K1201: =LEN(J1201) -> 0 | M1201: =LEN(L1201) -> 0 | O1201: =LEN(N1201) -> 0
I1202: =LEN(H1202) -> 0 | K1202: =LEN(J1202) -> 0 | M1202: =LEN(L1202) -> 0 | O1202: =LEN(N1202) -> 0

Sheet 统计信息
A1: 版本 | B1: Abbr | C1: 创建日期 | D1: 创建人 | E1: 词性备注 | F1: 术语中文释义 | G1: 术语英文释义 | H1: 中文术语 | J1: 英文术语 | L1: 西文术语 | N1: 俄文术语
H2: 术语 | I2: 字符数 | J2: 术语 | K2: 字符数 | L2: 术语 | M2: 字符数 | N2: 术语 | O2: 字符数
A3: =IF(B3="","",IF(A3<>"",A3,#REF!)) | C3: =IF(B3="","",IF(C3<>"",C3,NOW())) | I3: =LEN(H3) -> 0 | K3: =LEN(J3) -> 0 | M3: =LEN(L3) -> 0 | O3: =LEN(N3) -> 0
A4: =IF(B4="","",IF(A4<>"",A4,#REF!)) | C4: =IF(B4="","",IF(C4<>"",C4,NOW())) | I4: =LEN(H4) -> 0 | K4: =LEN(J4) -> 0 | M4: =LEN(L4) -> 0 | O4: =LEN(N4) -> 0
A5: =IF(B5="","",IF(A5<>"",A5,#REF!)) | C5: =IF(B5="","",IF(C5<>"",C5,NOW())) | I5: =LEN(H5) -> 0 | K5: =LEN(J5) -> 0 | M5: =LEN(L5) -> 0 | O5: =LEN(N5) -> 0
A6: =IF(B6="","",IF(A6<>"",A6,#REF!)) | C6: =IF(B6="","",IF(C6<>"",C6,NOW())) | I6: =LEN(H6) -> 0 | K6: =LEN(J6) -> 0 | M6: =LEN(L6) -> 0 | O6: =LEN(N6) -> 0
A7: =IF(B7="","",IF(A7<>"",A7,#REF!)) | C7: =IF(B7="","",IF(C7<>"",C7,NOW())) | I7: =LEN(H7) -> 0 | K7: =LEN(J7) -> 0 | M7: =LEN(L7) -> 0 | O7: =LEN(N7) -> 0
A8: =IF(B8="","",IF(A8<>"",A8,#REF!)) | C8: =IF(B8="","",IF(C8<>"",C8,NOW())) | I8: =LEN(H8) -> 0 | K8: =LEN(J8) -> 0 | M8: =LEN(L8) -> 0 | O8: =LEN(N8) -> 0
A9: =IF(B9="","",IF(A9<>"",A9,#REF!)) | C9: =IF(B9="","",IF(C9<>"",C9,NOW())) | I9: =LEN(H9) -> 0 | K9: =LEN(J9) -> 0 | M9: =LEN(L9) -> 0 | O9: =LEN(N9) -> 0
A10: =IF(B10="","",IF(A10<>"",A10,#REF!)) | C10: =IF(B10="","",IF(C10<>"",C10,NOW())) | I10: =LEN(H10) -> 0 | K10: =LEN(J10) -> 0 | M10: =LEN(L10) -> 0 | O10: =LEN(N10) -> 0
A11: =IF(B11="","",IF(A11<>"",A11,#REF!)) | C11: =IF(B11="","",IF(C11<>"",C11,NOW())) | I11: =LEN(H11) -> 0 | K11: =LEN(J11) -> 0 | M11: =LEN(L11) -> 0 | O11: =LEN(N11) -> 0
A12: =IF(B12="","",IF(A12<>"",A12,#REF!)) | C12: =IF(B12="","",IF(C12<>"",C12,NOW())) | I12: =LEN(H12) -> 0 | K12: =LEN(J12) -> 0 | M12: =LEN(L12) -> 0 | O12: =LEN(N12) -> 0
A13: =IF(B13="","",IF(A13<>"",A13,#REF!)) | C13: =IF(B13="","",IF(C13<>"",C13,NOW())) | I13: =LEN(H13) -> 0 | K13: =LEN(J13) -> 0 | M13: =LEN(L13) -> 0 | O13: =LEN(N13) -> 0
A14: =IF(B14="","",IF(A14<>"",A14,#REF!)) | C14: =IF(B14="","",IF(C14<>"",C14,NOW())) | I14: =LEN(H14) -> 0 | K14: =LEN(J14) -> 0 | M14: =LEN(L14) -> 0 | O14: =LEN(N14) -> 0
... A1198: =IF(B1198="","",IF(A1198<>"",A1198,#REF!)) | C1198: =IF(B1198="","",IF(C1198<>"",C1198,NOW())) | I1198: =LEN(H1198) -> 0 | K1198: =LEN(J1198) -> 0 | M1198: =LEN(L1198) -> 0 | O1198: =LEN(N1198) -> 0
C1199: =IF(B1199="","",IF(C1199<>"",C1199,NOW())) | I1199: =LEN(H1199) -> 0 | K1199: =LEN(J1199) -> 0 | M1199: =LEN(L1199) -> 0 | O1199: =LEN(N1199) -> 0
I1200: =LEN(H1200) -> 0 | K1200: =LEN(J1200) -> 0 | M1200: =LEN(L1200) -> 0 | O1200: =LEN(N1200) -> 0
I1201: =LEN(H1201) -> 0 | K1201: =LEN(J1201) -> 0 | M1201: =LEN(L1201) -> 0 | O1201: =LEN(N1201) -> 0
I1202: =LEN(H1202) -> 0 | K1202: =LEN(J1202) -> 0 | M1202: =LEN(L1202) -> 0 | O1202: =LEN(N1202) -> 0

Sheet 量纲
A1: 版本 | B1: Abbr | C1: 创建日期 | D1: 创建人 | E1: 词性备注 | F1: 术语中文释义 | G1: 术语英文释义 | H1: 中文术语 | J1: 英文术语 | L1: 西文术语 | N1: 俄文术语
H2: 术语 | I2: 字符数 | J2: 术语 | K2: 字符数 | L2: 术语 | M2: 字符数 | N2: 术语 | O2: 字符数
A3: =IF(B3="","",IF(A3<>"",A3,#REF!)) | C3: =IF(B3="","",IF(C3<>"",C3,NOW())) | I3: =LEN(H3) -> 0 | K3: =LEN(J3) -> 0 | M3: =LEN(L3) -> 0 | O3: =LEN(N3) -> 0
A4: =IF(B4="","",IF(A4<>"",A4,#REF!)) | C4: =IF(B4="","",IF(C4<>"",C4,NOW())) | I4: =LEN(H4) -> 0 | K4: =LEN(J4) -> 0 | M4: =LEN(L4) -> 0 | O4: =LEN(N4) -> 0
A5: =IF(B5="","",IF(A5<>"",A5,#REF!)) | C5: =IF(B5="","",IF(C5<>"",C5,NOW())) | I5: =LEN(H5) -> 0 | K5: =LEN(J5) -> 0 | M5: =LEN(L5) -> 0 | O5: =LEN(N5) -> 0
A6: =IF(B6="","",IF(A6<>"",A6,#REF!)) | C6: =IF(B6="","",IF(C6<>"",C6,NOW())) | I6: =LEN(H6) -> 0 | K6: =LEN(J6) -> 0 | M6: =LEN(L6) -> 0 | O6: =LEN(N6) -> 0
A7: =IF(B7="","",IF(A7<>"",A7,#REF!)) | C7: =IF(B7="","",IF(C7<>"",C7,NOW())) | I7: =LEN(H7) -> 0 | K7: =LEN(J7) -> 0 | M7: =LEN(L7) -> 0 | O7: =LEN(N7) -> 0
A8: =IF(B8="","",IF(A8<>"",A8,#REF!)) | C8: =IF(B8="","",IF(C8<>"",C8,NOW())) | I8: =LEN(H8) -> 0 | K8: =LEN(J8) -> 0 | M8: =LEN(L8) -> 0 | O8: =LEN(N8) -> 0
A9: =IF(B9="","",IF(A9<>"",A9,#REF!)) | C9: =IF(B9="","",IF(C9<>"",C9,NOW())) | I9: =LEN(H9) -> 0 | K9: =LEN(J9) -> 0 | M9: =LEN(L9) -> 0 | O9: =LEN(N9) -> 0
A10: =IF(B10="","",IF(A10<>"",A10,#REF!)) | C10: =IF(B10="","",IF(C10<>"",C10,NOW())) | I10: =LEN(H10) -> 0 | K10: =LEN(J10) -> 0 | M10: =LEN(L10) -> 0 | O10: =LEN(N10) -> 0
A11: =IF(B11="","",IF(A11<>"",A11,#REF!)) | C11: =IF(B11="","",IF(C11<>"",C11,NOW())) | I11: =LEN(H11) -> 0 | K11: =LEN(J11) -> 0 | M11: =LEN(L11) -> 0 | O11: =LEN(N11) -> 0
A12: =IF(B12="","",IF(A12<>"",A12,#REF!)) | C12: =IF(B12="","",IF(C12<>"",C12,NOW())) | I12: =LEN(H12) -> 0 | K12: =LEN(J12) -> 0 | M12: =LEN(L12) -> 0 | O12: =LEN(N12) -> 0
A13: =IF(B13="","",IF(A13<>"",A13,#REF!)) | C13: =IF(B13="","",IF(C13<>"",C13,NOW())) | I13: =LEN(H13) -> 0 | K13: =LEN(J13) -> 0 | M13: =LEN(L13) -> 0 | O13: =LEN(N13) -> 0
A14: =IF(B14="","",IF(A14<>"",A14,#REF!)) | C14: =IF(B14="","",IF(C14<>"",C14,NOW())) | I14: =LEN(H14) -> 0 | K14: =LEN(J14) -> 0 | M14: =LEN(L14) -> 0 | O14: =LEN(N14) -> 0
... A1198: =IF(B1198="","",IF(A1198<>"",A1198,#REF!)) | C1198: =IF(B1198="","",IF(C1198<>"",C1198,NOW())) | I1198: =LEN(H1198) -> 0 | K1198: =LEN(J1198) -> 0 | M1198: =LEN(L1198) -> 0 | O1198: =LEN(N1198) -> 0
C1199: =IF(B1199="","",IF(C1199<>"",C1199,NOW())) | I1199: =LEN(H1199) -> 0 | K1199: =LEN(J1199) -> 0 | M1199: =LEN(L1199) -> 0 | O1199: =LEN(N1199) -> 0
I1200: =LEN(H1200) -> 0 | K1200: =LEN(J1200) -> 0 | M1200: =LEN(L1200) -> 0 | O1200: =LEN(N1200) -> 0
I1201: =LEN(H1201) -> 0 | K1201: =LEN(J1201) -> 0 | M1201: =LEN(L1201) -> 0 | O1201: =LEN(N1201) -> 0
I1202: =LEN(H1202) -> 0 | K1202: =LEN(J1202) -> 0 | M1202: =LEN(L1202) -> 0 | O1202: =LEN(N1202) -> 0

Sheet 画图文本类
A1: 版本 | B1: Abbr | C1: 创建日期 | D1: 创建人 | E1: 词性备注 | F1: 术语中文释义 | G1: 术语英文释义 | H1: 中文术语 | J1: 英文术语 | L1: 西文术语 | N1: 俄文术语
H2: 术语 | I2: 字符数 | J2: 术语 | K2: 字符数 | L2: 术语 | M2: 字符数 | N2: 术语 | O2: 字符数
A3: =IF(B3="","",IF(A3<>"",A3,#REF!)) | C3: =IF(B3="","",IF(C3<>"",C3,NOW())) | I3: =LEN(H3) -> 0 | K3: =LEN(J3) -> 0 | M3: =LEN(L3) -> 0 | O3: =LEN(N3) -> 0
A4: =IF(B4="","",IF(A4<>"",A4,#REF!)) | C4: =IF(B4="","",IF(C4<>"",C4,NOW())) | I4: =LEN(H4) -> 0 | K4: =LEN(J4) -> 0 | M4: =LEN(L4) -> 0 | O4: =LEN(N4) -> 0
A5: =IF(B5="","",IF(A5<>"",A5,#REF!)) | C5: =IF(B5="","",IF(C5<>"",C5,NOW())) | I5: =LEN(H5) -> 0 | K5: =LEN(J5) -> 0 | M5: =LEN(L5) -> 0 | O5: =LEN(N5) -> 0
A6: =IF(B6="","",IF(A6<>"",A6,#REF!)) | C6: =IF(B6="","",IF(C6<>"",C6,NOW())) | I6: =LEN(H6) -> 0 | K6: =LEN(J6) -> 0 | M6: =LEN(L6) -> 0 | O6: =LEN(N6) -> 0
A7: =IF(B7="","",IF(A7<>"",A7,#REF!)) | C7: =IF(B7="","",IF(C7<>"",C7,NOW())) | I7: =LEN(H7) -> 0 | K7: =LEN(J7) -> 0 | M7: =LEN(L7) -> 0 | O7: =LEN(N7) -> 0
A8: =IF(B8="","",IF(A8<>"",A8,#REF!)) | C8: =IF(B8="","",IF(C8<>"",C8,NOW())) | I8: =LEN(H8) -> 0 | K8: =LEN(J8) -> 0 | M8: =LEN(L8) -> 0 | O8: =LEN(N8) -> 0
A9: =IF(B9="","",IF(A9<>"",A9,#REF!)) | C9: =IF(B9="","",IF(C9<>"",C9,NOW())) | I9: =LEN(H9) -> 0 | K9: =LEN(J9) -> 0 | M9: =LEN(L9) -> 0 | O9: =LEN(N9) -> 0
A10: =IF(B10="","",IF(A10<>"",A10,#REF!)) | C10: =IF(B10="","",IF(C10<>"",C10,NOW())) | I10: =LEN(H10) -> 0 | K10: =LEN(J10) -> 0 | M10: =LEN(L10) -> 0 | O10: =LEN(N10) -> 0
A11: =IF(B11="","",IF(A11<>"",A11,#REF!)) | C11: =IF(B11="","",IF(C11<>"",C11,NOW())) | I11: =LEN(H11) -> 0 | K11: =LEN(J11) -> 0 | M11: =LEN(L11) -> 0 | O11: =LEN(N11) -> 0
A12: =IF(B12="","",IF(A12<>"",A12,#REF!)) | C12: =IF(B12="","",IF(C12<>"",C12,NOW())) | I12: =LEN(H12) -> 0 | K12: =LEN(J12) -> 0 | M12: =LEN(L12) -> 0 | O12: =LEN(N12) -> 0
A13: =IF(B13="","",IF(A13<>"",A13,#REF!)) | C13: =IF(B13="","",IF(C13<>"",C13,NOW())) | I13: =LEN(H13) -> 0 | K13: =LEN(J13) -> 0 | M13: =LEN(L13) -> 0 | O13: =LEN(N13) -> 0
A14: =IF(B14="","",IF(A14<>"",A14,#REF!)) | C14: =IF(B14="","",IF(C14<>"",C14,NOW())) | I14: =LEN(H14) -> 0 | K14: =LEN(J14) -> 0 | M14: =LEN(L14) -> 0 | O14: =LEN(N14) -> 0
... A1198: =IF(B1198="","",IF(A1198<>"",A1198,#REF!)) | C1198: =IF(B1198="","",IF(C1198<>"",C1198,NOW())) | I1198: =LEN(H1198) -> 0 | K1198: =LEN(J1198) -> 0 | M1198: =LEN(L1198) -> 0 | O1198: =LEN(N1198) -> 0
C1199: =IF(B1199="","",IF(C1199<>"",C1199,NOW())) | I1199: =LEN(H1199) -> 0 | K1199: =LEN(J1199) -> 0 | M1199: =LEN(L1199) -> 0 | O1199: =LEN(N1199) -> 0
I1200: =LEN(H1200) -> 0 | K1200: =LEN(J1200) -> 0 | M1200: =LEN(L1200) -> 0 | O1200: =LEN(N1200) -> 0
I1201: =LEN(H1201) -> 0 | K1201: =LEN(J1201) -> 0 | M1201: =LEN(L1201) -> 0 | O1201: =LEN(N1201) -> 0
I1202: =LEN(H1202) -> 0 | K1202: =LEN(J1202) -> 0 | M1202: =LEN(L1202) -> 0 | O1202: =LEN(N1202) -> 0

Sheet SV
A1: 版本 | B1: Abbr | C1: 创建日期 | D1: 创建人 | E1: 词性备注 | F1: 术语中文释义 | G1: 术语英文释义 | H1: 中文术语 | J1: 英文术语 | L1: 西文术语 | N1: 俄文术语
H2: 术语 | I2: 字符数 | J2: 术语 | K2: 字符数 | L2: 术语 | M2: 字符数 | N2: 术语 | O2: 字符数
A3: =IF(B3="","",IF(A3<>"",A3,#REF!)) | C3: =IF(B3="","",IF(C3<>"",C3,NOW())) | I3: =LEN(H3) -> 0 | K3: =LEN(J3) -> 0 | M3: =LEN(L3) -> 0 | O3: =LEN(N3) -> 0
A4: =IF(B4="","",IF(A4<>"",A4,#REF!)) | C4: =IF(B4="","",IF(C4<>"",C4,NOW())) | I4: =LEN(H4) -> 0 | K4: =LEN(J4) -> 0 | M4: =LEN(L4) -> 0 | O4: =LEN(N4) -> 0
A5: =IF(B5="","",IF(A5<>"",A5,#REF!)) | C5: =IF(B5="","",IF(C5<>"",C5,NOW())) | I5: =LEN(H5) -> 0 | K5: =LEN(J5) -> 0 | M5: =LEN(L5) -> 0 | O5: =LEN(N5) -> 0
A6: =IF(B6="","",IF(A6<>"",A6,#REF!)) | C6: =IF(B6="","",IF(C6<>"",C6,NOW())) | I6: =LEN(H6) -> 0 | K6: =LEN(J6) -> 0 | M6: =LEN(L6) -> 0 | O6: =LEN(N6) -> 0
A7: =IF(B7="","",IF(A7<>"",A7,#REF!)) | C7: =IF(B7="","",IF(C7<>"",C7,NOW())) | I7: =LEN(H7) -> 0 | K7: =LEN(J7) -> 0 | M7: =LEN(L7) -> 0 | O7: =LEN(N7) -> 0
A8: =IF(B8="","",IF(A8<>"",A8,#REF!)) | C8: =IF(B8="","",IF(C8<>"",C8,NOW())) | I8: =LEN(H8) -> 0 | K8: =LEN(J8) -> 0 | M8: =LEN(L8) -> 0 | O8: =LEN(N8) -> 0
A9: =IF(B9="","",IF(A9<>"",A9,#REF!)) | C9: =IF(B9="","",IF(C9<>"",C9,NOW())) | I9: =LEN(H9) -> 0 | K9: =LEN(J9) -> 0 | M9: =LEN(L9) -> 0 | O9: =LEN(N9) -> 0
A10: =IF(B10="","",IF(A10<>"",A10,#REF!)) | C10: =IF(B10="","",IF(C10<>"",C10,NOW())) | I10: =LEN(H10) -> 0 | K10: =LEN(J10) -> 0 | M10: =LEN(L10) -> 0 | O10: =LEN(N10) -> 0
A11: =IF(B11="","",IF(A11<>"",A11,#REF!)) | C11: =IF(B11="","",IF(C11<>"",C11,NOW())) | I11: =LEN(H11) -> 0 | K11: =LEN(J11) -> 0 | M11: =LEN(L11) -> 0 | O11: =LEN(N11) -> 0
A12: =IF(B12="","",IF(A12<>"",A12,#REF!)) | C12: =IF(B12="","",IF(C12<>"",C12,NOW())) | I12: =LEN(H12) -> 0 | K12: =LEN(J12) -> 0 | M12: =LEN(L12) -> 0 | O12: =LEN(N12) -> 0
A13: =IF(B13="","",IF(A13<>"",A13,#REF!)) | C13: =IF(B13="","",IF(C13<>"",C13,NOW())) | I13: =LEN(H13) -> 0 | K13: =LEN(J13) -> 0 | M13: =LEN(L13) -> 0 | O13: =LEN(N13) -> 0
A14: =IF(B14="","",IF(A14<>"",A14,#REF!)) | C14: =IF(B14="","",IF(C14<>"",C14,NOW())) | I14: =LEN(H14) -> 0 | K14: =LEN(J14) -> 0 | M14: =LEN(L14) -> 0 | O14: =LEN(N14) -> 0
... A1198: =IF(B1198="","",IF(A1198<>"",A1198,#REF!)) | C1198: =IF(B1198="","",IF(C1198<>"",C1198,NOW())) | I1198: =LEN(H1198) -> 0 | K1198: =LEN(J1198) -> 0 | M1198: =LEN(L1198) -> 0 | O1198: =LEN(N1198) -> 0
C1199: =IF(B1199="","",IF(C1199<>"",C1199,NOW())) | I1199: =LEN(H1199) -> 0 | K1199: =LEN(J1199) -> 0 | M1199: =LEN(L1199) -> 0 | O1199: =LEN(N1199) -> 0
I1200: =LEN(H1200) -> 0 | K1200: =LEN(J1200) -> 0 | M1200: =LEN(L1200) -> 0 | O1200: =LEN(N1200) -> 0
I1201: =LEN(H1201) -> 0 | K1201: =LEN(J1201) -> 0 | M1201: =LEN(L1201) -> 0 | O1201: =LEN(N1201) -> 0
I1202: =LEN(H1202) -> 0 | K1202: =LEN(J1202) -> 0 | M1202: =LEN(L1202) -> 0 | O1202: =LEN(N1202) -> 0

Sheet GOOSE
A1: 版本 | B1: Abbr | C1: 创建日期 | D1: 创建人 | E1: 词性备注 | F1: 术语中文释义 | G1: 术语英文释义 | H1: 中文术语 | J1: 英文术语 | L1: 西文术语 | N1: 俄文术语
H2: 术语 | I2: 字符数 | J2: 术语 | K2: 字符数 | L2: 术语 | M2: 字符数 | N2: 术语 | O2: 字符数
A3: =IF(B3="","",IF(A3<>"",A3,#REF!)) | C3: =IF(B3="","",IF(C3<>"",C3,NOW())) | I3: =LEN(H3) -> 0 | K3: =LEN(J3) -> 0 | M3: =LEN(L3) -> 0 | O3: =LEN(N3) -> 0
A4: =IF(B4="","",IF(A4<>"",A4,#REF!)) | C4: =IF(B4="","",IF(C4<>"",C4,NOW())) | I4: =LEN(H4) -> 0 | K4: =LEN(J4) -> 0 | M4: =LEN(L4) -> 0 | O4: =LEN(N4) -> 0
A5: =IF(B5="","",IF(A5<>"",A5,#REF!)) | C5: =IF(B5="","",IF(C5<>"",C5,NOW())) | I5: =LEN(H5) -> 0 | K5: =LEN(J5) -> 0 | M5: =LEN(L5) -> 0 | O5: =LEN(N5) -> 0
A6: =IF(B6="","",IF(A6<>"",A6,#REF!)) | C6: =IF(B6="","",IF(C6<>"",C6,NOW())) | I6: =LEN(H6) -> 0 | K6: =LEN(J6) -> 0 | M6: =LEN(L6) -> 0 | O6: =LEN(N6) -> 0
A7: =IF(B7="","",IF(A7<>"",A7,#REF!)) | C7: =IF(B7="","",IF(C7<>"",C7,NOW())) | I7: =LEN(H7) -> 0 | K7: =LEN(J7) -> 0 | M7: =LEN(L7) -> 0 | O7: =LEN(N7) -> 0
A8: =IF(B8="","",IF(A8<>"",A8,#REF!)) | C8: =IF(B8="","",IF(C8<>"",C8,NOW())) | I8: =LEN(H8) -> 0 | K8: =LEN(J8) -> 0 | M8: =LEN(L8) -> 0 | O8: =LEN(N8) -> 0
A9: =IF(B9="","",IF(A9<>"",A9,#REF!)) | C9: =IF(B9="","",IF(C9<>"",C9,NOW())) | I9: =LEN(H9) -> 0 | K9: =LEN(J9) -> 0 | M9: =LEN(L9) -> 0 | O9: =LEN(N9) -> 0
A10: =IF(B10="","",IF(A10<>"",A10,#REF!)) | C10: =IF(B10="","",IF(C10<>"",C10,NOW())) | I10: =LEN(H10) -> 0 | K10: =LEN(J10) -> 0 | M10: =LEN(L10) -> 0 | O10: =LEN(N10) -> 0
A11: =IF(B11="","",IF(A11<>"",A11,#REF!)) | C11: =IF(B11="","",IF(C11<>"",C11,NOW())) | I11: =LEN(H11) -> 0 | K11: =LEN(J11) -> 0 | M11: =LEN(L11) -> 0 | O11: =LEN(N11) -> 0
A12: =IF(B12="","",IF(A12<>"",A12,#REF!)) | C12: =IF(B12="","",IF(C12<>"",C12,NOW())) | I12: =LEN(H12) -> 0 | K12: =LEN(J12) -> 0 | M12: =LEN(L12) -> 0 | O12: =LEN(N12) -> 0
A13: =IF(B13="","",IF(A13<>"",A13,#REF!)) | C13: =IF(B13="","",IF(C13<>"",C13,NOW())) | I13: =LEN(H13) -> 0 | K13: =LEN(J13) -> 0 | M13: =LEN(L13) -> 0 | O13: =LEN(N13) -> 0
A14: =IF(B14="","",IF(A14<>"",A14,#REF!)) | C14: =IF(B14="","",IF(C14<>"",C14,NOW())) | I14: =LEN(H14) -> 0 | K14: =LEN(J14) -> 0 | M14: =LEN(L14) -> 0 | O14: =LEN(N14) -> 0
... A1198: =IF(B1198="","",IF(A1198<>"",A1198,#REF!)) | C1198: =IF(B1198="","",IF(C1198<>"",C1198,NOW())) | I1198: =LEN(H1198) -> 0 | K1198: =LEN(J1198) -> 0 | M1198: =LEN(L1198) -> 0 | O1198: =LEN(N1198) -> 0
C1199: =IF(B1199="","",IF(C1199<>"",C1199,NOW())) | I1199: =LEN(H1199) -> 0 | K1199: =LEN(J1199) -> 0 | M1199: =LEN(L1199) -> 0 | O1199: =LEN(N1199) -> 0
I1200: =LEN(H1200) -> 0 | K1200: =LEN(J1200) -> 0 | M1200: =LEN(L1200) -> 0 | O1200: =LEN(N1200) -> 0
I1201: =LEN(H1201) -> 0 | K1201: =LEN(J1201) -> 0 | M1201: =LEN(L1201) -> 0 | O1201: =LEN(N1201) -> 0
I1202: =LEN(H1202) -> 0 | K1202: =LEN(J1202) -> 0 | M1202: =LEN(L1202) -> 0 | O1202: =LEN(N1202) -> 0

Sheet 备用术语（在一体化工具和装置上不出现）
A1: 版本 | B1: Abbr | C1: 创建日期 | D1: 创建人 | E1: 词性备注 | F1: 术语中文释义 | G1: 术语英文释义 | H1: 中文术语 | J1: 英文术语 | L1: 西文术语 | N1: 俄文术语
H2: 术语 | I2: 字符数 | J2: 术语 | K2: 字符数 | L2: 术语 | M2: 字符数 | N2: 术语 | O2: 字符数
I3: 0 | K3: 0 | M3: 0 | O3: 0
I4: 0 | K4: 0 | M4: 0 | O4: 0
I5: 0 | K5: 0 | M5: 0 | O5: 0
I6: 0 | K6: 0 | M6: 0 | O6: 0
I7: 0 | K7: 0 | M7: 0 | O7: 0
I8: 0 | K8: 0 | M8: 0 | O8: 0
I9: 0 | K9: 0 | M9: 0 | O9: 0
I10: 0 | K10: 0 | M10: 0 | O10: 0
I11: 0 | K11: 0 | M11: 0 | O11: 0
I12: 0 | K12: 0 | M12: 0 | O12: 0
I13: 0 | K13: 0 | M13: 0 | O13: 0
I14: 0 | K14: 0 | M14: 0 | O14: 0
... I1200: 0 | K1200: 0 | M1200: 0 | O1200: 0
I1201: =LEN(H1201) -> 0 | K1201: =LEN(J1201) -> 0 | M1201: =LEN(L1201) -> 0 | O1201: =LEN(N1201) -> 0
I1202: =LEN(H1202) -> 0 | K1202: =LEN(J1202) -> 0 | M1202: =LEN(L1202) -> 0 | O1202: =LEN(N1202) -> 0
