Workbook

Sheet 应用申请的菜单(25）
A1: 版本 | B1: Abbr | C1: 创建日期 | D1: 创建人 | E1: 术语中文释义 | F1: 术语英文释义 | G1: 中文术语 | I1: 英文术语 | K1: 西文术语 | M1: 俄文术语
G2: 术语 | H2: 字符数 | I2: 术语 | J2: 字符数 | K2: 术语 | L2: 字符数 | M2: 术语 | N2: 字符数
A3: 测量
A4: 1.0 | B4: measurements | C4: =IF(B4="","",IF(C4<>"",C4,NOW())) -> 0 | D4: 薛宇 | E4: 1 | F4: Measurements | G4: 测量 | H4: =LEN(G4) -> 3 | I4: Measurements | J4: =LEN(I4) -> 12
A5: 1.0 | B5: general | C5: =IF(B5="","",IF(C5<>"",C5,NOW())) -> 0 | D5: 薛宇 | E5: 2:: 测量/ | F5: General | G5: 通用 | H5: =LEN(G5) -> 3 | I5: General | J5: =LEN(I5) -> 7
A6: 1.0 | B6: sq_comp | C6: =IF(B6="","",IF(C6<>"",C6,NOW())) -> 0 | D6: 薛宇 | E6: 2: 测量/ | F6: Sequence components | G6: 序分量 | H6: =LEN(G6) -> 3 | I6: Sequence Components | J6: =LEN(I6) -> 19
A7: 1.0 | B7: harmonic | C7: =IF(B7="","",IF(C7<>"",C7,NOW())) -> 0 | D7: 薛宇 | E7: 2: 测量/ | F7: Harmonic | G7: 谐波 | H7: =LEN(G7) -> 3 | I7: Harmonic | J7: =LEN(I7) -> 8
A8: 1.0 | B8: angle | C8: =IF(B8="","",IF(C8<>"",C8,NOW())) -> 0 | D8: 薛宇 | E8: 2: 测量/ | F8: Angle | G8: 角度 | H8: =LEN(G8) -> 3 | I8: Angle | J8: =LEN(I8) -> 5
A9: 1.0 | B9: frequency | C9: =IF(B9="","",IF(C9<>"",C9,NOW())) -> 0 | D9: 薛宇 | E9: 2: 测量/ | F9: Frequency | G9: 频率 | H9: =LEN(G9) -> 3 | I9: Frequency | J9: =LEN(I9) -> 9
A10: 1.0 | B10: sync_mea | C10: =IF(B10="","",IF(C10<>"",C10,NOW())) -> 0 | D10: 薛宇 | E10: 2: 测量/ | F10: Synchronization measurements | G10: 同期测量 | H10: =LEN(G10) -> 5 | I10: Synchrocheck Values | J10: =LEN(I10) -> 19
A11: 1.0 | B11: power | C11: =IF(B11="","",IF(C11<>"",C11,NOW())) -> 0 | D11: 薛宇 | E11: 2: 测量/ | F11: Power | G11: 功率 | H11: =LEN(G11) -> 3 | I11: Power | J11: =LEN(I11) -> 5
A12: 1.0 | B12: energy | C12: =IF(B12="","",IF(C12<>"",C12,NOW())) -> 0 | D12: 薛宇 | E12: 2: 测量/ | F12: Energy | G12: 电能量 | H12: =LEN(G12) -> 4 | I12: Energy | J12: =LEN(I12) -> 6
A13: 1.0 | B13: power_qua | C13: =IF(B13="","",IF(C13<>"",C13,NOW())) -> 0 | D13: 薛宇 | E13: 2: 测量/ | F13: Power quality | G13: 电能质量 | H13: =LEN(G13) -> 5 | I13: Power Quality | J13: =LEN(I13) -> 13
A14: 1.0 | B14: trans_val | C14: =IF(B14="","",IF(C14<>"",C14,NOW())) -> 0 | D14: 薛宇 | E14: 2: 测量/ | F14: Transducer values | G14: 传感器 | H14: =LEN(G14) -> 4 | I14: Transducer Values | J14: =LEN(I14) -> 17
A15: 1.0 | B15: dc_val | C15: =IF(B15="","",IF(C15<>"",C15,NOW())) -> 0 | D15: 薛宇 | E15: 2: 测量/ | F15: DC output values | G15: 直流输出 | H15: =LEN(G15) -> 5 | I15: DC Outputs | J15: =LEN(I15) -> 10
A16: 1.0 | B16: ad2_mea | C16: =IF(B16="","",IF(C16<>"",C16,NOW())) -> 0 | D16: 薛宇 | E16: 2: 测量/ | F16: AD group 2 measurements | G16: 第二组AD测量 | H16: =LEN(G16) -> 7 | I16: Group 2 AD Measurements | J16: =LEN(I16) -> 23
A17: 状态
A18: 1.0 | B18: status | C18: =IF(B18="","",IF(C18<>"",C18,NOW())) -> 0 | D18: 薛宇 | E18: 1 | F18: Status | G18: 状态 | H18: =LEN(G18) -> 3 | I18: State | J18: =LEN(I18) -> 5
A19: 1.0 | B19: bi_in | C19: =IF(B19="","",IF(C19<>"",C19,NOW())) -> 0 | D19: 薛宇 | E19: 2: 状态/ | F19: Binary inputs | G19: 输入 | H19: =LEN(G19) -> 3 | I19: Inputs | J19: =LEN(I19) -> 6
A20: 1.0 | B20: gen_in | C20: =IF(B20="","",IF(C20<>"",C20,NOW())) -> 0 | D20: 薛宇 | E20: 3: 状态/输入/ | F20: general inputs | G20: 通用开入 | H20: =LEN(G20) -> 4 | I20: General Inputs | J20: =LEN(I20) -> 14
A21: 1.0 | B21: tap_pos | C21: =IF(B21="","",IF(C21<>"",C21,NOW())) -> 0 | D21: 薛宇 | E21: 3: 状态/输入/ | F21: Tap position | G21: 档位 | H21: =LEN(G21) -> 3 | I21: Tap Position | J21: =LEN(I21) -> 12
A22: 1.0 | B22: goose_in | C22: =IF(B22="","",IF(C22<>"",C22,NOW())) -> 0 | D22: 薛宇 | E22: 3: 状态/输入/ | F22: GOOSE inputs | G22: GOOSE输入 | H22: =LEN(G22) -> 8 | I22: GOOSE Inputs | J22: =LEN(I22) -> 12
A23: 1.0 | B23: bi_out | C23: =IF(B23="","",IF(C23<>"",C23,NOW())) -> 0 | D23: 薛宇 | E23: 2 状态/ | F23: Binary outputs | G23: 输出 | H23: =LEN(G23) -> 3 | I23: Outputs | J23: =LEN(I23) -> 7
A24: 1.0 | B24: actions | C24: =IF(B24="","",IF(C24<>"",C24,NOW())) -> 0 | D24: 薛宇 | E24: 3: 状态/输出/ | F24: Actions | G24: 动作状态 | H24: =LEN(G24) -> 4 | I24: Actions | J24: =LEN(I24) -> 7
A25: 1.0 | B25: intlock_info | C25: =IF(B25="","",IF(C25<>"",C25,NOW())) -> 0 | D25: 薛宇 | E25: 3: 状态/输出/ | F25: Interlock information | G25: 联闭锁状态 | H25: =LEN(G25) -> 5 | I25: Interlock State | J25: =LEN(I25) -> 15
A26: 1.0 | B26: dpos_sta | C26: =IF(B26="","",IF(C26<>"",C26,NOW())) -> 0 | D26: 薛宇 | E26: 3: 状态/输出/ | F26: Double position | G26: 双位置状态 | H26: =LEN(G26) -> 5 | I26: Double Position | J26: =LEN(I26) -> 15
A27: 1.0 | B27: self_chk | C27: =IF(B27="","",IF(C27<>"",C27,NOW())) -> 0 | D27: 薛宇 | E27: 2: 状态/ | F27: Selfcheck information | G27: 自检状态 | H27: =LEN(G27) -> 4 | I27: Supervision State | J27: =LEN(I27) -> 17
A28: 1.0 | B28: run_sta | C28: =IF(B28="","",IF(C28<>"",C28,NOW())) -> 0 | D28: 薛宇 | E28: 2: 状态/ | F28: Operational status | G28: 运行状态 | H28: =LEN(G28) -> 5 | I28: Running State | J28: =LEN(I28) -> 13
A29: 1.0 | B29: comm_sta | C29: =IF(B29="","",IF(C29<>"",C29,NOW())) -> 0 | D29: 薛宇 | E29: 2: 状态/ | F29: Communication status | G29: 通信状态 | H29: =LEN(G29) -> 5 | I29: Communication State | J29: =LEN(I29) -> 19
A30: 1.0 | B30: goose_out | C30: =IF(B30="","",IF(C30<>"",C30,NOW())) -> 0 | D30: 薛宇 | E30: 3: 状态/输出/ | F30: GOOSE outputs | G30: GOOSE输出 | H30: =LEN(G30) -> 7 | I30: GOOSE Outputs | J30: =LEN(I30) -> 13
A31: 日志
A32: 1.0 | B32: logs | C32: =IF(B32="","",IF(C32<>"",C32,NOW())) -> 0 | D32: 薛宇 | E32: 1 | F32: Logs | G32: 日志 | H32: =LEN(G32) -> 3 | I32: Logs | J32: =LEN(I32) -> 4
A33: 1.0 | B33: bi_chg_log | C33: =IF(B33="","",IF(C33<>"",C33,NOW())) -> 0 | D33: 薛宇 | E33: 2: 日志/ | F33: Binary change information | G33: 变位日志 | H33: =LEN(G33) -> 5 | I33: Binary Change Logs | J33: =LEN(I33) -> 18
A34: 1.0 | B34: self_chk_log | C34: =IF(B34="","",IF(C34<>"",C34,NOW())) -> 0 | D34: 薛宇 | E34: 2: 日志/ | F34: Selfcheck log | G34: 自检日志 | H34: =LEN(G34) -> 5 | I34: Supervision logs | J34: =LEN(I34) -> 16
A35: 1.0 | B35: fault_log | C35: =IF(B35="","",IF(C35<>"",C35,NOW())) -> 0 | D35: 薛宇 | E35: 2: 日志/ | F35: Fault log | G35: 故障日志 | H35: =LEN(G35) -> 5 | I35: Fault Logs | J35: =LEN(I35) -> 10
A36: 1.0 | B36: oper_log | C36: =IF(B36="","",IF(C36<>"",C36,NOW())) -> 0 | D36: 薛宇 | E36: 2: 日志/ | F36: Operate log | G36: 操作日志 | H36: =LEN(G36) -> 5 | I36: Operating Logs | J36: =LEN(I36) -> 14
A37: 1.0 | B37: dev_log | C37: =IF(B37="","",IF(C37<>"",C37,NOW())) -> 0 | D37: 薛宇 | E37: 2: 日志/ | F37: Device log | G37: 装置日志 | H37: =LEN(G37) -> 5 | I37: Device Running Logs | J37: =LEN(I37) -> 19
A38: 1.0 | B38: audit_log | C38: =IF(B38="","",IF(C38<>"",C38,NOW())) -> 0 | D38: 薛宇 | E38: 2: 日志/ | F38: audit log | G38: 审计日志 | H38: =LEN(G38) -> 4 | I38: Audit Logs | J38: =LEN(I38) -> 10
A39: 1.0 | B39: soe_log | C39: =IF(B39="","",IF(C39<>"",C39,NOW())) -> 0 | D39: 薛宇 | E39: 2: 日志/ | F39: SOE | G39: SOE | H39: =LEN(G39) -> 3 | I39: SOE | J39: =LEN(I39) -> 3
A40: 定值
A41: 1.0 | B41: settings | C41: =IF(B41="","",IF(C41<>"",C41,NOW())) -> 0 | D41: 薛宇 | E41: 1 | F41: Settings | G41: 定值 | H41: =LEN(G41) -> 3 | I41: Settings | J41: =LEN(I41) -> 8
A42: 1.0 | B42: equi_para | C42: =IF(B42="","",IF(C42<>"",C42,NOW())) -> 0 | D42: 薛宇 | E42: 2: 定值/ | F42: Equipment | G42: 设备参数 | H42: =LEN(G42) -> 5 | I42: System Settings | J42: =LEN(I42) -> 15
A43: 1.0 | B43: pro_set | C43: =IF(B43="","",IF(C43<>"",C43,NOW())) -> 0 | D43: 薛宇 | E43: 2: 定值/ | F43: Protection | G43: 保护定值 | H43: =LEN(G43) -> 5 | I43: Protection Settings | J43: =LEN(I43) -> 19
A44: 1.0 | B44: mea_set | C44: =IF(B44="","",IF(C44<>"",C44,NOW())) -> 0 | D44: 薛宇 | E44: 2: 定值/ | F44: Measurment | G44: 测量 | H44: =LEN(G44) -> 3 | I44: Measurement Settings | J44: =LEN(I44) -> 20
A45: 1.0 | B45: gen_set | C45: =IF(B45="","",IF(C45<>"",C45,NOW())) -> 0 | D45: 薛宇 | E45: 3: 定值/测量定值 | F45: general settings | G45: 通用定值 | H45: =LEN(G45) -> 4 | I45: General Settings | J45: =LEN(I45) -> 16
A46: 1.0 | B46: sync_set | C46: =IF(B46="","",IF(C46<>"",C46,NOW())) -> 0 | D46: 薛宇 | E46: 3: 定值/测量定值 | F46: Synchronization settings | G46: 同期 | H46: =LEN(G46) -> 3 | I46: Synchrocheck | J46: =LEN(I46) -> 12
A47: 1.0 | B47: power_set | C47: =IF(B47="","",IF(C47<>"",C47,NOW())) -> 0 | D47: 薛宇 | E47: 3: 定值/测量定值 | F47: Power settings | G47: 功率 | H47: =LEN(G47) -> 3 | I47: Power | J47: =LEN(I47) -> 5
A48: 1.0 | B48: energy_set | C48: =IF(B48="","",IF(C48<>"",C48,NOW())) -> 0 | D48: 薛宇 | E48: 3: 定值/测量定值 | F48: Energy settings | G48: 计量 | H48: =LEN(G48) -> 3 | I48: Energy | J48: =LEN(I48) -> 6
A49: 1.0 | B49: trans_set | C49: =IF(B49="","",IF(C49<>"",C49,NOW())) -> 0 | D49: 薛宇 | E49: 3: 定值/测量定值 | F49: Transducer settings | G49: 传感器 | H49: =LEN(G49) -> 4 | I49: Transducer Values | J49: =LEN(I49) -> 17
A50: 1.0 | B50: intlock_set | C50: =IF(B50="","",IF(C50<>"",C50,NOW())) -> 0 | D50: 薛宇 | E50: 3: 定值/控制 | F50: Interlock settings | G50: 联闭锁 | H50: =LEN(G50) -> 4 | I50: Interlock | J50: =LEN(I50) -> 9
A51: 1.0 | B51: control_set | C51: =IF(B51="","",IF(C51<>"",C51,NOW())) -> 0 | D51: 薛宇 | E51: 3: 定值/控制 | F51: Control settings | G51: 控制 | H51: =LEN(G51) -> 3 | I51: Control | J51: =LEN(I51) -> 7
A52: 1.0 | B52: sq_ctrl_set | C52: =IF(B52="","",IF(C52<>"",C52,NOW())) -> 0 | D52: 薛宇 | E52: 3: 定值/控制 | F52: Sequential control settings | G52: 序列控制 | H52: =LEN(G52) -> 5 | I52: Sequential Control | J52: =LEN(I52) -> 18
A53: 1.0 | B53: tap_set | C53: =IF(B53="","",IF(C53<>"",C53,NOW())) -> 0 | D53: 薛宇 | E53: 3: 定值/控制 | F53: Tap settings | G53: 档位 | H53: =LEN(G53) -> 3 | I53: Tap Position | J53: =LEN(I53) -> 12
... A60: 1.0 | B60: copy_set_grop | C60: =IF(B60="","",IF(C60<>"",C60,NOW())) -> 0 | D60: 薛宇 | E60: 2: 定值/ | F60: Copy setting group | G60: 定值复制 | H60: =LEN(G60) -> 4 | I60: Copy Setting Group | J60: =LEN(I60) -> 18
A63: 测试
A64: 1.0 | B64: test | C64: =IF(B64="","",IF(C64<>"",C64,NOW())) -> 0 | D64: 薛宇 | E64: 1 | F64: Test | G64: 测试 | H64: =LEN(G64) -> 3 | I64: Test | J64: =LEN(I64) -> 4
A65: 1.0 | B65: bo_test | C65: =IF(B65="","",IF(C65<>"",C65,NOW())) -> 0 | D65: 薛宇 | E65: 2: 测试/ | F65: BO test | G65: 出口传动 | H65: =LEN(G65) -> 4 | I65: BO Test | J65: =LEN(I65) -> 7
A66: 1.0 | B66: comm_test | C66: =IF(B66="","",IF(C66<>"",C66,NOW())) -> 0 | D66: 薛宇 | E66: 2: 测试/ | F66: Communication test | G66: 通信传动 | H66: =LEN(G66) -> 6 | I66: Communication Test | J66: =LEN(I66) -> 18
A67: 1.0 | B67: mea_force | C67: =IF(B67="","",IF(C67<>"",C67,NOW())) -> 0 | D67: 薛宇 | E67: 2: 测试/ | F67: Force measurement | G67: 遥测置数 | H67: =LEN(G67) -> 6 | I67: Force Measurement | J67: =LEN(I67) -> 17
A68: 1.0 | B68: bi_chg_signal | C68: =IF(B68="","",IF(C68<>"",C68,NOW())) -> 0 | D68: 薛宇 | E68: 3: 测试/通信传动 | F68: Binary change information | G68: 变位信号 | H68: =LEN(G68) -> 4 | I68: Binary Change Signal | J68: =LEN(I68) -> 20
A69: 1.0 | B69: self_chk_signal | C69: =IF(B69="","",IF(C69<>"",C69,NOW())) -> 0 | D69: 薛宇 | E69: 3: 测试/通信传动 | F69: Selfcheck signal | G69: 自检信号 | H69: =LEN(G69) -> 4 | I69: Supervision Signal | J69: =LEN(I69) -> 18
A70: 1.0 | B70: fault_signal | C70: =IF(B70="","",IF(C70<>"",C70,NOW())) -> 0 | D70: 薛宇 | E70: 3: 测试/通信传动 | F70: Fault signal | G70: 故障信号 | H70: =LEN(G70) -> 4 | I70: Fault Signal | J70: =LEN(I70) -> 12
A71: 1.0 | B71: dev_signal | C71: =IF(B71="","",IF(C71<>"",C71,NOW())) -> 0 | D71: 薛宇 | E71: 3: 测试/通信传动 | F71: Device signal | G71: 装置信号 | H71: =LEN(G71) -> 4 | I71: Device Running Signal | J71: =LEN(I71) -> 21
A72: 1.0 | B72: soe_signal | C72: =IF(B72="","",IF(C72<>"",C72,NOW())) -> 0 | D72: 薛宇 | E72: 3: 测试/通信传动 | F72: SOE signal | G72: SOE信号 | H72: =LEN(G72) -> 5 | I72: SOE Signal | J72: =LEN(I72) -> 10
A73: 1.0 | B73: all_soe_signals | C73: =IF(B73="","",IF(C73<>"",C73,NOW())) -> 0 | D73: 薛宇 | E73: 3: 测试/通信传动 | F73: all SOE signals | G73: 全部SOE信号 | H73: =LEN(G73) -> 7 | I73: All SOE Signals | J73: =LEN(I73) -> 15
A74: 1.0 | B74: all_fault_signals | C74: =IF(B74="","",IF(C74<>"",C74,NOW())) -> 0 | D74: 薛宇 | E74: 3: 测试/通信传动 | F74: all fault signals | G74: 全部故障信号 | H74: =LEN(G74) -> 6 | I74: All Fault Signals | J74: =LEN(I74) -> 17
A75: 1.0 | B75: all_bi_signals | C75: =IF(B75="","",IF(C75<>"",C75,NOW())) -> 0 | D75: 薛宇 | E75: 3: 测试/通信传动 | F75: all binary change signals | G75: 全部变位信号 | H75: =LEN(G75) -> 6 | I75: All Binary Change Signals | J75: =LEN(I75) -> 25
A76: 1.0 | B76: all_chk_signals | C76: =IF(B76="","",IF(C76<>"",C76,NOW())) -> 0 | D76: 薛宇 | E76: 3: 测试/通信传动 | F76: all selfcheck signals | G76: 全部自检信号 | H76: =LEN(G76) -> 6 | I76: All Supervision Signals | J76: =LEN(I76) -> 23
A77: 1.0 | B77: all_dev_signals | C77: =IF(B77="","",IF(C77<>"",C77,NOW())) -> 0 | D77: 薛宇 | E77: 3: 测试/通信传动 | F77: all device signals | G77: 全部装置信号 | H77: =LEN(G77) -> 6 | I77: All Device Running Signals | J77: =LEN(I77) -> 26
A81: 控制
A82: 1.0 | B82: control | C82: =IF(B82="","",IF(C82<>"",C82,NOW())) -> 0 | D82: 薛宇 | E82: 1 | F82: Control | G82: 控制 | I82: Control | J82: =LEN(I82) -> 7
A83: 1.0 | B83: rmt_ctrl | C83: =IF(B83="","",IF(C83<>"",C83,NOW())) -> 0 | D83: 薛宇 | E83: 2: 控制/ | F83: Remote control | G83: 遥控 | H83: =LEN(G83) -> 3 | I83: Remote Control | J83: =LEN(I83) -> 14
A84: 1.0 | B84: sq_ctrl | C84: =IF(B84="","",IF(C84<>"",C84,NOW())) -> 0 | D84: 薛宇 | E84: 2: 控制/ | F84: Sequential control | G84: 序列控制 | H84: =LEN(G84) -> 4 | I84: Sequential Control | J84: =LEN(I84) -> 18
A85: 操作
A86: 1.0 | B86: dev_oper | C86: =IF(B86="","",IF(C86<>"",C86,NOW())) -> 0 | D86: 薛宇 | E86: 1 | F86: Device operation | G86: 装置操作 | H86: =LEN(G86) -> 5 | I86: Device Operation | J86: =LEN(I86) -> 16
A87: 1.0 | B87: recd_wave | C87: =IF(B87="","",IF(C87<>"",C87,NOW())) -> 0 | D87: 薛宇 | E87: 2: 操作/ | F87: Trigger waveform recording | G87: 手动录波 | H87: =LEN(G87) -> 6 | I87: Record Waveform | J87: =LEN(I87) -> 15
A88: 1.0 | B88: clr_logs | C88: =IF(B88="","",IF(C88<>"",C88,NOW())) -> 0 | D88: 薛宇 | E88: 2: 操作/ | F88: Clear logs | G88: 清除报告 | H88: =LEN(G88) -> 6 | I88: Clear Logs | J88: =LEN(I88) -> 10
A89: 1.0 | B89: clr_wave | C89: =IF(B89="","",IF(C89<>"",C89,NOW())) -> 0 | D89: 薛宇 | E89: 2: 操作/ | F89: Clear waveform | G89: 清除录波 | H89: =LEN(G89) -> 6 | I89: Clear Waveform | J89: =LEN(I89) -> 14
A90: 1.0 | B90: sig_reset | C90: =IF(B90="","",IF(C90<>"",C90,NOW())) -> 0 | D90: 薛宇 | E90: 2: 操作/ | F90: Reset signals | G90: 信号复归 | H90: =LEN(G90) -> 6 | I90: Reset Signals | J90: =LEN(I90) -> 13
A91: 1.0 | B91: manu_calib_coeff | C91: =IF(B91="","",IF(C91<>"",C91,NOW())) -> 0 | D91: 薛宇 | E91: 2: 操作/ | F91: Calibrate coefficient manually | G91: 手动校准系数 | H91: =LEN(G91) -> 6 | I91: Manual-Adjust Accuracy | J91: =LEN(I91) -> 22
A92: 1.0 | B92: auto_calib_coeff | C92: =IF(B92="","",IF(C92<>"",C92,NOW())) -> 0 | D92: 薛宇 | E92: 2: 操作/ | F92: Calibrate coefficient automatically | G92: 自动校准系数 | H92: =LEN(G92) -> 6 | I92: Auto-Adjust Accuracy | J92: =LEN(I92) -> 20
A93: 1.0 | B93: clr_elec_val | C93: =IF(B93="","",IF(C93<>"",C93,NOW())) -> 0 | D93: 薛宇 | E93: 2: 操作/ | F93: Clear electricity value | G93: 电度量清零 | H93: =LEN(G93) -> 6 | I93: Clear Energy Value | J93: =LEN(I93) -> 18
A94: 1.0 | B94: tm_sync | C94: =IF(B94="","",IF(C94<>"",C94,NOW())) -> 0 | D94: 薛宇 | E94: 2: 操作/ | F94: time synchronization | G94: 时间同步 | H94: =LEN(G94) -> 4 | I94: Time Synchronization | J94: =LEN(I94) -> 20
A95: 1.0 | B95: clr_recl_counter | C95: =IF(B95="","",IF(C95<>"",C95,NOW())) -> 0 | D95: 薛宇 | E95: 2: 操作/ | F95: clear the reclosing counter | G95: 清除重合闸计数 | H95: =LEN(G95) -> 7 | I95: Clear Reclosing Count | J95: =LEN(I95) -> 21
A97: 装置参数
A98: 1.0 | B98: dev_para | C98: =IF(B98="","",IF(C98<>"",C98,NOW())) -> 0 | D98: 薛宇 | E98: 1 | F98: Device parameter | G98: 装置设置 | H98: =LEN(G98) -> 5 | I98: Device Settings | J98: =LEN(I98) -> 15
A99: 1.0 | B99: gen_dev_para | C99: =IF(B99="","",IF(C99<>"",C99,NOW())) -> 0 | D99: 薛宇 | E99: 2: 装置设置/ | F99: General device parameter | G99: 通用参数 | H99: =LEN(G99) -> 5 | I99: General Settings | J99: =LEN(I99) -> 16
A100: 1.0 | B100: comm_para | C100: =IF(B100="","",IF(C100<>"",C100,NOW())) -> 0 | D100: 薛宇 | E100: 2: 装置设置/ | F100: Communication parameter | G100: 通信参数 | H100: =LEN(G100) -> 5 | I100: Communication Settings | J100: =LEN(I100) -> 22
A101: 1.0 | B101: auth_mng_para | C101: =IF(B101="","",IF(C101<>"",C101,NOW())) -> 0 | D101: 薛宇 | E101: 2: 装置设置/ | F101: Authority management | G101: 权限管理 | H101: =LEN(G101) -> 5 | I101: Authority Management | J101: =LEN(I101) -> 20
A102: 1.0 | B102: time_para | C102: =IF(B102="","",IF(C102<>"",C102,NOW())) -> 0 | D102: 薛宇 | E102: 2: 装置设置/ | F102: Time parameter | G102: 时间设置 | H102: =LEN(G102) -> 5 | I102: Clock | J102: =LEN(I102) -> 5
A103: 1.0 | B103: lcd_contra | C103: =IF(B103="","",IF(C103<>"",C103,NOW())) -> 0 | D103: 薛宇 | E103: 2: 装置设置/ | F103: LCD contrast ratio | G103: 液晶对比度 | H103: =LEN(G103) -> 5 | I103: LCD Contrast Ratio | J103: =LEN(I103) -> 18
A104: 装置信息
A105: 1.0 | B105: dev_ info | C105: =IF(B105="","",IF(C105<>"",C105,NOW())) -> 0 | D105: 薛宇 | E105: 1 | F105: Device information | G105: 装置信息 | H105: =LEN(G105) -> 5 | I105: Device Information | J105: =LEN(I98) -> 15
A106: 1.0 | B106: version | C106: =IF(B106="","",IF(C106<>"",C106,NOW())) -> 0 | D106: 薛宇 | E106: 2: 装置信息/ | F106: version | G106: 版本信息 | H106: =LEN(G106) -> 4 | I106: Version Information | J106: =LEN(I106) -> 19
A107: =IF(B107="","",IF(A107<>"",A107,#REF!)) | C107: =IF(B107="","",IF(C107<>"",C107,NOW()))
A108: =IF(B108="","",IF(A108<>"",A108,#REF!)) | C108: =IF(B108="","",IF(C108<>"",C108,NOW()))
A109: =IF(B109="","",IF(A109<>"",A109,#REF!)) | C109: =IF(B109="","",IF(C109<>"",C109,NOW()))
A110: =IF(B110="","",IF(A110<>"",A110,#REF!)) | C110: =IF(B110="","",IF(C110<>"",C110,NOW()))
A111: =IF(B111="","",IF(A111<>"",A111,#REF!)) | C111: =IF(B111="","",IF(C111<>"",C111,NOW()))
A112: =IF(B112="","",IF(A112<>"",A112,#REF!)) | C112: =IF(B112="","",IF(C112<>"",C112,NOW()))
...

Sheet 硬件（19）
A1: 版本 | B1: Abbr | C1: 创建日期 | D1: 创建人 | E1: 术语中文释义 | F1: 术语英文释义 | G1: 中文术语 | I1: 英文术语 | K1: 西文术语 | M1: 俄文术语
G2: 术语 | H2: 字符数 | I2: 术语 | J2: 字符数 | K2: 术语 | L2: 字符数 | M2: 术语 | N2: 字符数
A3: 模块
A4: 1.0 | B4: cpu_module | C4: =IF(B4="","",IF(C4<>"",C4,NOW())) -> 0 | D4: 鲍凯鹏 | F4: CPU module | G4: CPU模块 | H4: =LEN(G4) -> 5 | I4: CPU_Module | J4: =LEN(I4) -> 10
A5: 1.0 | B5: ai_module | C5: =IF(B5="","",IF(C5<>"",C5,NOW())) -> 0 | D5: 鲍凯鹏 | F5: Analog input module | G5: 模拟量输入模块 | H5: =LEN(G5) -> 7 | I5: AI _Module | J5: =LEN(I5) -> 10
A6: 1.0 | B6: bi_module | C6: =IF(B6="","",IF(C6<>"",C6,NOW())) -> 0 | D6: 鲍凯鹏 | F6: Binary input module | G6: 开关量输入模块 | H6: =LEN(G6) -> 7 | I6: BI_Module | J6: =LEN(I6) -> 9
A7: 1.0 | B7: bo_module | C7: =IF(B7="","",IF(C7<>"",C7,NOW())) -> 0 | D7: 鲍凯鹏 | F7: Binary output module | G7: 开关量输出模块 | H7: =LEN(G7) -> 7 | I7: BO_Module | J7: =LEN(I7) -> 9
A8: 1.0 | B8: bio_module | C8: =IF(B8="","",IF(C8<>"",C8,NOW())) -> 0 | D8: 鲍凯鹏 | F8: Binary input&output module | G8: 开关量输入输出模块 | H8: =LEN(G8) -> 9 | I8: IO_Module | J8: =LEN(I8) -> 9
A9: 1.0 | B9: pwr_module | C9: =IF(B9="","",IF(C9<>"",C9,NOW())) -> 0 | D9: 鲍凯鹏 | F9: Power module | G9: 电源模块 | H9: =LEN(G9) -> 4 | I9: PWR_Module | J9: =LEN(I9) -> 10
A10: 1.0 | B10: ao_module | C10: =IF(B10="","",IF(C10<>"",C10,NOW())) -> 0 | D10: 鲍凯鹏 | F10: Analog output module | G10: 模拟量输出模块 | H10: =LEN(G10) -> 7 | I10: AO_Module | J10: =LEN(I10) -> 9
A11: 1.0 | B11: process_module | C11: =IF(B11="","",IF(C11<>"",C11,NOW())) -> 0 | D11: 鲍凯鹏 | F11: Process level comunication module | G11: 过程层通讯模块 | H11: =LEN(G11) -> 7 | I11: COM_Module | J11: =LEN(I11) -> 10
A13: 板卡
A14: 1.0 | B14: board | D14: 冯志翔 | E14: 板卡，序号另建 | F14: board | G14: 板卡 | I14: B | J14: =LEN(I14) -> 1
A16: 机箱
A17: 1.0 | B17: rack | C17: =IF(B17="","",IF(C17<>"",C17,NOW())) -> 0 | D17: 鲍凯鹏 | F17: Rack | G17: 机箱 | H17: =LEN(G17) -> 2 | I17: Rack | J17: =LEN(I17) -> 4 | N17: =LEN(M17) -> 0
H18: =LEN(G18) -> 0 | N18: 0
H19: =LEN(G19) -> 0 | N19: 0
H21: =LEN(G21) -> 0 | N21: 0
H22: =LEN(G22) -> 0 | N22: 0
H23: =LEN(G23) -> 0 | N23: 0
H24: =LEN(G24) -> 0 | N24: 0
H25: =LEN(G25) -> 0 | N25: 0
H26: =LEN(G26) -> 0 | N26: 0
H27: =LEN(G27) -> 0 | N27: 0
H28: =LEN(G28) -> 0 | N28: 0
H29: =LEN(G29) -> 0 | N29: 0
H30: =LEN(G30) -> 0 | N30: 0
... H51: =LEN(G51) -> 0 | N51: 0
H52: 0 | N52: 0
H53: 0 | N53: 0
H54: 0 | N54: 0
H55: 0 | N55: 0
H56: 0 | N56: 0
H57: 0 | N57: 0
H58: 0 | N58: 0
H59: 0 | N59: 0
H60: 0 | N60: 0
H61: 0 | N61: 0
H62: 0 | N62: 0
H63: 0 | N63: 0
... H1185: 0 | N1185: 0
A1186: =IF(B1186="","",IF(A1186<>"",A1186,#REF!)) | C1186: =IF(B1186="","",IF(C1186<>"",C1186,NOW())) | H1186: =LEN(G1186) -> 0 | N1186: =LEN(M1186) -> 0
C1187: =IF(B1187="","",IF(C1187<>"",C1187,NOW())) | H1187: =LEN(G1187) -> 0 | N1187: =LEN(M1187) -> 0
H1188: =LEN(G1188) -> 0 | N1188: =LEN(M1188) -> 0
H1189: =LEN(G1189) -> 0 | N1189: =LEN(M1189) -> 0
H1190: =LEN(G1190) -> 0 | N1190: =LEN(M1190) -> 0

Sheet 间隔（19）
A1: 版本 | B1: Abbr | C1: 创建日期 | D1: 创建人 | E1: 术语中文释义 | F1: 术语英文释义 | G1: 中文术语 | I1: 英文术语 | K1: 西文术语 | M1: 俄文术语
G2: 术语 | H2: 字符数 | I2: 术语 | J2: 字符数 | K2: 术语 | L2: 字符数 | M2: 术语 | N2: 字符数
A3: 统称
A4: 1.0 | B4: bay | C4: =IF(B4="","",IF(C4<>"",C4,NOW())) -> 0 | D4: 刘龙 | F4: substation bay | G4: 间隔 | H4: =LEN(G4) -> 2 | I4: Bay | J4: =LEN(I4) -> 3
A5: 线路
A6: 1.0 | B6: line_bay | C6: =IF(B6="","",IF(C6<>"",C6,NOW())) -> 0 | D6: 鲍凯鹏 | F6: line | G6: 线路 | H6: =LEN(G6) -> 2 | I6: Line | J6: =LEN(I6) -> 4
A7: 1.0 | B7: feeder | C7: =IF(B7="","",IF(C7<>"",C7,NOW())) -> 0 | D7: 鲍凯鹏 | F7: feeder | G7: 馈线 | H7: =LEN(G7) -> 2 | I7: Feed | J7: =LEN(I7) -> 4
A8: 1.0 | B8: transmission line | C8: =IF(B8="","",IF(C8<>"",C8,NOW())) -> 0 | D8: 鲍凯鹏 | F8: transmission line | G8: 传输线 | H8: =LEN(G8) -> 3 | I8: TransLine | J8: =LEN(I8) -> 9
A9: =IF(B9="","",IF(A9<>"",A9,#REF!)) | C9: =IF(B9="","",IF(C9<>"",C9,NOW()))
A10: 断路器
A11: 1.0 | B11: breaker | C11: =IF(B11="","",IF(C11<>"",C11,NOW())) -> 0 | D11: 鲍凯鹏 | F11: breaker | G11: 断路器 | H11: =LEN(G11) -> 3 | I11: CB | J11: =LEN(I11) -> 2
A12: =IF(B12="","",IF(A12<>"",A12,#REF!)) | C12: =IF(B12="","",IF(C12<>"",C12,NOW()))
A13: 刀闸
A14: 1.0 | B14: isolator | C14: =IF(B14="","",IF(C14<>"",C14,NOW())) -> 0 | D14: 鲍凯鹏 | F14: isolator,disconnector switch | G14: 隔离刀闸 | H14: =LEN(G14) -> 4 | I14: DS | J14: =LEN(I14) -> 2
A15: =IF(B15="","",IF(A15<>"",A15,#REF!)) | C15: =IF(B15="","",IF(C15<>"",C15,NOW()))
A16: 母线
A17: 1.0 | B17: busbar | C17: =IF(B17="","",IF(C17<>"",C17,NOW())) -> 0 | D17: 鲍凯鹏 | F17: busbar | G17: 母线 | H17: =LEN(G17) -> 2 | I17: Bus | J17: =LEN(I17) -> 3
A18: =IF(B18="","",IF(A18<>"",A18,#REF!)) | C18: =IF(B18="","",IF(C18<>"",C18,NOW()))
A19: 母联
A20: 1.0 | B20: bus_coupler | C20: =IF(B20="","",IF(C20<>"",C20,NOW())) -> 0 | D20: 鲍凯鹏 | F20: bus_coupler | G20: 母联 | H20: =LEN(G20) -> 2 | I20: BusCoupler | J20: =LEN(I20) -> 10
A21: 1.0 | B21: bus_section | C21: =IF(B21="","",IF(C21<>"",C21,NOW())) -> 0 | D21: 鲍凯鹏 | F21: bus_section | G21: 分段 | H21: =LEN(G21) -> 2 | I21: BusSection | J21: =LEN(I21) -> 10
A22: =IF(B22="","",IF(A22<>"",A22,#REF!)) | C22: =IF(B22="","",IF(C22<>"",C22,NOW()))
A23: 变压器各侧
A24: 1.0 | B24: high_voltage_side | C24: =IF(B24="","",IF(C24<>"",C24,NOW())) -> 0 | D24: 鲍凯鹏 | F24: high_voltage_side | G24: 高压侧 | H24: =LEN(G24) -> 3 | I24: HVS | J24: =LEN(I24) -> 3
A25: 1.0 | B25: middle_voltage_side | C25: =IF(B25="","",IF(C25<>"",C25,NOW())) -> 0 | D25: 鲍凯鹏 | F25: middle_voltage_side | G25: 中压侧 | H25: =LEN(G25) -> 3 | I25: MVS | J25: =LEN(I25) -> 3
A26: 1.0 | B26: low_voltage_side | C26: =IF(B26="","",IF(C26<>"",C26,NOW())) -> 0 | D26: 鲍凯鹏 | F26: low_voltage_side | G26: 低压侧 | H26: =LEN(G26) -> 3 | I26: LVS | J26: =LEN(I26) -> 3
A27: 1.0 | B27: low_voltage_side_1 | C27: =IF(B27="","",IF(C27<>"",C27,NOW())) -> 0 | D27: 鲍凯鹏 | F27: low_voltage_side_1 | G27: 低压侧1分支 | H27: =LEN(G27) -> 6 | I27: LVS1 | J27: =LEN(I27) -> 4
A28: 1.0 | B28: low_voltage_side_2 | C28: =IF(B28="","",IF(C28<>"",C28,NOW())) -> 0 | D28: 鲍凯鹏 | F28: low_voltage_side_2 | G28: 低压侧2分支 | H28: =LEN(G28) -> 6 | I28: LVS2 | J28: =LEN(I28) -> 4
A29: 1.0 | B29: low_voltage_side_3 | C29: =IF(B29="","",IF(C29<>"",C29,NOW())) -> 0 | D29: 鲍凯鹏 | F29: low_voltage_side_3 | G29: 低压侧3分支 | H29: =LEN(G29) -> 6 | I29: LVS3 | J29: =LEN(I29) -> 4
A30: =IF(B30="","",IF(A30<>"",A30,#REF!)) | C30: =IF(B30="","",IF(C30<>"",C30,NOW()))
A31: 电容电抗
A32: 1.0 | B32: capacitor | C32: =IF(B32="","",IF(C32<>"",C32,NOW())) -> 0 | D32: 鲍凯鹏 | F32: capacitor | G32: 电容 | H32: =LEN(G32) -> 2 | I32: Capacitor | J32: =LEN(I32) -> 9
A33: 1.0 | B33: reactor | C33: =IF(B33="","",IF(C33<>"",C33,NOW())) -> 0 | D33: 鲍凯鹏 | F33: reactor | G33: 电抗 | H33: =LEN(G33) -> 2 | I33: Reactor | J33: =LEN(I33) -> 7
A34: =IF(B34="","",IF(A34<>"",A34,#REF!)) | C34: =IF(B34="","",IF(C34<>"",C34,NOW()))
A35: =IF(B35="","",IF(A35<>"",A35,#REF!)) | C35: =IF(B35="","",IF(C35<>"",C35,NOW()))
A36: =IF(B36="","",IF(A36<>"",A36,#REF!)) | C36: =IF(B36="","",IF(C36<>"",C36,NOW()))
A37: =IF(B37="","",IF(A37<>"",A37,#REF!)) | C37: =IF(B37="","",IF(C37<>"",C37,NOW()))
A38: =IF(B38="","",IF(A38<>"",A38,#REF!)) | C38: =IF(B38="","",IF(C38<>"",C38,NOW()))
A39: =IF(B39="","",IF(A39<>"",A39,#REF!)) | C39: =IF(B39="","",IF(C39<>"",C39,NOW()))
A40: =IF(B40="","",IF(A40<>"",A40,#REF!)) | C40: =IF(B40="","",IF(C40<>"",C40,NOW()))
A41: =IF(B41="","",IF(A41<>"",A41,#REF!)) | C41: =IF(B41="","",IF(C41<>"",C41,NOW()))
A42: =IF(B42="","",IF(A42<>"",A42,#REF!)) | C42: =IF(B42="","",IF(C42<>"",C42,NOW()))
A43: =IF(B43="","",IF(A43<>"",A43,#REF!)) | C43: =IF(B43="","",IF(C43<>"",C43,NOW()))
A44: =IF(B44="","",IF(A44<>"",A44,#REF!)) | C44: =IF(B44="","",IF(C44<>"",C44,NOW()))
A45: =IF(B45="","",IF(A45<>"",A45,#REF!)) | C45: =IF(B45="","",IF(C45<>"",C45,NOW()))
... A1115: =IF(B1115="","",IF(A1115<>"",A1115,#REF!)) | C1115: =IF(B1115="","",IF(C1115<>"",C1115,NOW()))
C1116: =IF(B1116="","",IF(C1116<>"",C1116,NOW()))

Sheet 装置通用（lcd显示信息）（28）
A1: 版本 | B1: Abbr | C1: 创建日期 | D1: 创建人 | E1: 术语中文释义 | F1: 术语英文释义 | G1: 中文术语 | I1: 英文术语 | K1: 西文术语 | M1: 俄文术语
G2: 术语 | H2: 字符数 | I2: 术语 | J2: 字符数 | K2: 术语 | L2: 字符数 | M2: 术语 | N2: 字符数
A3: 装置名称
A4: 1.0 | B4: feeder_relay | C4: =IF(B4="","",IF(C4<>"",C4,NOW())) -> 0 | D4: 鲍凯鹏 | F4: Feeder relay | G4: 馈线保护 | H4: =LEN(G4) -> 4 | I4: Feeder relay | J4: =LEN(I4) -> 12
A5: 1.0 | B5: line_relay | C5: =IF(B5="","",IF(C5<>"",C5,NOW())) -> 0 | D5: 鲍凯鹏 | F5: Line relay | G5: 线路保护 | H5: =LEN(G5) -> 4 | I5: Line relay | J5: =LEN(I5) -> 10
A6: 1.0 | B6: transformer_relay | C6: =IF(B6="","",IF(C6<>"",C6,NOW())) -> 0 | D6: 鲍凯鹏 | F6: Transformer relay | G6: 变压器保护 | H6: =LEN(G6) -> 5 | I6: Transformer relay | J6: =LEN(I6) -> 17
A7: 1.0 | B7: busbar_relay | C7: =IF(B7="","",IF(C7<>"",C7,NOW())) -> 0 | D7: 鲍凯鹏 | F7: Busbar relay | G7: 母线保护 | H7: =LEN(G7) -> 4 | I7: Busbar relay | J7: =LEN(I7) -> 12
A8: 1.0 | B8: capacitor_relay | C8: =IF(B8="","",IF(C8<>"",C8,NOW())) -> 0 | D8: 鲍凯鹏 | F8: Capacitor relay | G8: 电容器保护 | H8: =LEN(G8) -> 5 | I8: Capacitor relay | J8: =LEN(I8) -> 15
A9: 1.0 | B9: bus_coupler_relay | C9: =IF(B9="","",IF(C9<>"",C9,NOW())) -> 0 | D9: 鲍凯鹏 | F9: Bus coupler relay | G9: 母联保护 | H9: =LEN(G9) -> 4 | I9: Bus-coupler relay | J9: =LEN(I9) -> 17
A10: =IF(B10="","",IF(A10<>"",A10,#REF!)) | C10: =IF(B10="","",IF(C10<>"",C10,NOW()))
A11: =IF(B11="","",IF(A11<>"",A11,#REF!)) | C11: =IF(B11="","",IF(C11<>"",C11,NOW()))
A12: =IF(B12="","",IF(A12<>"",A12,#REF!)) | C12: =IF(B12="","",IF(C12<>"",C12,NOW()))
A13: =IF(B13="","",IF(A13<>"",A13,#REF!)) | C13: =IF(B13="","",IF(C13<>"",C13,NOW()))
A14: 装置识别码
A15: 1.0 | B15: device_version | C15: =IF(B15="","",IF(C15<>"",C15,NOW())) | G15: 程序版本 | H15: =LEN(G15) -> 4 | I15: Program version | J15: =LEN(I15) -> 15
A16: =IF(B16="","",IF(A16<>"",A16,#REF!)) | C16: =IF(B16="","",IF(C16<>"",C16,NOW()))
A17: =IF(B17="","",IF(A17<>"",A17,#REF!)) | C17: =IF(B17="","",IF(C17<>"",C17,NOW()))
A18: 模块版本信息
A19: 1.0 | B19: mod_ver | C19: =IF(B19="","",IF(C19<>"",C19,NOW())) -> 0 | D19: 薛宇 | E19: 模块版本号 | F19: module version | G19: 模块版本号 | H19: =LEN(G19) -> 5 | I19: Module version | J19: =LEN(I19) -> 14
A21: =IF(B21="","",IF(A21<>"",A21,#REF!)) | C21: =IF(B21="","",IF(C21<>"",C21,NOW()))
A22: =IF(B22="","",IF(A22<>"",A22,#REF!)) | C22: =IF(B22="","",IF(C22<>"",C22,NOW()))
A23: =IF(B23="","",IF(A23<>"",A23,#REF!)) | C23: =IF(B23="","",IF(C23<>"",C23,NOW()))
A24: =IF(B24="","",IF(A24<>"",A24,#REF!)) | C24: =IF(B24="","",IF(C24<>"",C24,NOW()))
A25: =IF(B25="","",IF(A25<>"",A25,#REF!)) | C25: =IF(B25="","",IF(C25<>"",C25,NOW()))
A26: =IF(B26="","",IF(A26<>"",A26,#REF!)) | C26: =IF(B26="","",IF(C26<>"",C26,NOW()))
A27: =IF(B27="","",IF(A27<>"",A27,#REF!)) | C27: =IF(B27="","",IF(C27<>"",C27,NOW()))
A28: =IF(B28="","",IF(A28<>"",A28,#REF!)) | C28: =IF(B28="","",IF(C28<>"",C28,NOW()))
A29: =IF(B29="","",IF(A29<>"",A29,#REF!)) | C29: =IF(B29="","",IF(C29<>"",C29,NOW()))
A30: =IF(B30="","",IF(A30<>"",A30,#REF!)) | C30: =IF(B30="","",IF(C30<>"",C30,NOW()))
A31: =IF(B31="","",IF(A31<>"",A31,#REF!)) | C31: =IF(B31="","",IF(C31<>"",C31,NOW()))
A32: =IF(B32="","",IF(A32<>"",A32,#REF!)) | C32: =IF(B32="","",IF(C32<>"",C32,NOW()))
... A1161: =IF(B1161="","",IF(A1161<>"",A1161,#REF!)) | C1161: =IF(B1161="","",IF(C1161<>"",C1161,NOW()))
C1162: =IF(B1162="","",IF(C1162<>"",C1162,NOW()))

Sheet 功能名（19）
A1: 版本 | B1: Abbr | C1: 创建日期 | D1: 创建人 | E1: 术语中文释义 | F1: 术语英文释义 | G1: 中文术语 | I1: 英文术语 | K1: 西文术语 | M1: 俄文术语
G2: 术语 | H2: 字符数 | I2: 术语 | J2: 字符数 | K2: 术语 | L2: 字符数 | M2: 术语 | N2: 字符数
A3: 通用模块
A4: 1.0 | B4: I3PM | C4: 44648 | D4: 罗琴琴 | F4: three phase current module | G4: 三相电流模块 | H4: =LEN(G4) -> 6 | I4: I3PM | J4: =LEN('功能名（19）'!I4) -> 4
A5: 1.0 | B5: U3PM | C5: 44648 | D5: 罗琴琴 | F5: three phase voltage module | G5: 三相电压模块 | H5: =LEN(G5) -> 6 | I5: U3PM | J5: =LEN('功能名（19）'!I5) -> 4
A6: 1.0 | B6: I1PM | C6: 44648 | D6: 罗琴琴 | F6: single phase current module | G6: 单相电流模块 | H6: =LEN(G6) -> 6 | I6: I1PM | J6: =LEN('功能名（19）'!I6) -> 4
A7: 1.0 | B7: U1PM | C7: 44648 | D7: 罗琴琴 | F7: single phase voltage module | G7: 单相电压模块 | H7: =LEN(G7) -> 6 | I7: U1PM | J7: =LEN('功能名（19）'!I7) -> 4
A8: 1.0 | B8: TANG | C8: 44723.659 | D8: 罗琴琴 | F8: calculation of angle | G8: 角度计算 | H8: =LEN(G8) -> 4 | I8: TANG | J8: =LEN('功能名（19）'!I8) -> 4
A9: 1.0 | B9: FREQM | C9: 44648 | D9: 罗琴琴 | F9: calculation of frequency | G9: 频率计算 | H9: =LEN(G9) -> 4 | I9: FreqM | J9: =LEN('功能名（19）'!I9) -> 5
A10: 1.0 | B10: TRIPBay | C10: 44708 | D10: 孙启锐 | F10: line trip module | G10: 线路保护跳闸模块 | H10: =LEN(G10) -> 8 | I10: TripBay | J10: =LEN('功能名（19）'!I10) -> 7
A11: 1.0 | B11: TRIPCB | C11: 44708 | D11: 孙启锐 | F11: general trip module | G11: 通用元件跳闸模块 | H11: =LEN(G11) -> 8 | I11: TripCB | J11: =LEN('功能名（19）'!I11) -> 6
A13: 保护功能
A14: 1.0 | B14: RBRF_50BF | C14: 44630.581 | D14: 刘龙 | F14: circuit-breaker failure protection | G14: 失灵保护 | H14: =LEN(G14) -> 4 | I14: RBRF_50BF | J14: =LEN('功能名（19）'!I14) -> 9
A15: 1.0 | B15: PTOC_50_51P | D15: 赵成虎 | F15: phase overcurrent protection | G15: 相过流保护 | H15: =LEN(G15) -> 5 | I15: PTOC_50/51P | J15: =LEN('功能名（19）'!I15) -> 11
A16: 1.0 | B16: PDIR | D16: 赵成虎 | F16: phase overcurrent directional element | G16: 相电流方向元件 | H16: =LEN(G16) -> 7 | I16: PDIR | J16: =LEN('功能名（19）'!I16) -> 4
A17: 1.0 | B17: PTOC_50_51G | D17: 赵成虎 | F17: zero-sequence overcurrent protection | G17: 零序过流保护 | H17: =LEN(G17) -> 6 | I17: PTOC_50/51G | J17: =LEN('功能名（19）'!I17) -> 11
A18: 1.0 | B18: I0DIR | D18: 赵成虎 | F18: zero-sequence overcurrent directional element | G18: 零序电流方向元件 | H18: =LEN(G18) -> 8 | I18: I0DIR | J18: =LEN('功能名（19）'!I18) -> 5
A19: 1.0 | B19: PTTR_49 | D19: 余培懿 | F19: thermal overload protection | G19: 热过负荷保护 | H19: =LEN(G19) -> 6 | I19: PTTR_49 | J19: =LEN('功能名（19）'!I19) -> 7
A20: 1.0 | B20: PTOV_59P | C20: 44653 | D20: 曹义 | F20: over voltage protection | G20: 过电压保护 | H20: =LEN(G20) -> 5 | I20: PTOV_59P | J20: =LEN('功能名（19）'!I20) -> 8
A21: 1.0 | B21: PTUV_27P | C21: 44653 | D21: 曹义 | F21: under voltage protection | G21: 低电压保护 | H21: =LEN(G21) -> 5 | I21: PTUV_27P | J21: =LEN('功能名（19）'!I21) -> 8
A22: 1.0 | B22: PTOF_81O | C22: 44642 | D22: 薛宇 | F22: over frequency protection | G22: 过频保护 | H22: =LEN(G22) -> 4 | I22: PTOF_81O | J22: =LEN('功能名（19）'!I22) -> 8
A23: 1.0 | B23: PTUF_81U | C23: 44642 | D23: 薛宇 | F23: under frequency protection | G23: 低频保护 | H23: =LEN(G23) -> 4 | I23: PTUF_81U | J23: =LEN('功能名（19）'!I23) -> 8
A24: 1.0 | B24: PTOC_50PD | D24: 余培懿 | F24: pole discrepancy protection | G24: 非全相保护 | H24: =LEN(G24) -> 5 | I24: PTOC_50PD | J24: =LEN('功能名（19）'!I24) -> 9
A25: 1.0 | B25: RREC_79 | C25: 44638 | D25: 宋丹丹 | F25: automatic reclosure | G25: 自动重合闸 | H25: =LEN(G25) -> 5 | I25: RREC_79 | J25: =LEN('功能名（19）'!I25) -> 7
A26: 1.0 | B26: RSYN_25 | D26: 苗文彬 | F26: synchronization check | G26: 同期检测 | H26: =LEN(G26) -> 4 | I26: RSYN_25 | J26: =LEN('功能名（19）'!I26) -> 7
A27: 1.0 | B27: PTOC_46BC | D27: 孙启锐 | F27: broken conductor protection | G27: 断线保护 | H27: =LEN(G27) -> 4 | I27: PTOC_46BC | J27: =LEN('功能名（19）'!I27) -> 9
A28: 1.0 | B28: PTOC_50PSOTF | D28: 冯志翔 | F28: switch onto fault protection with phase current | G28: 相过流加速保护 | H28: =LEN(G28) -> 7 | I28: PTOC_50PSOTF | J28: =LEN('功能名（19）'!I28) -> 12
A29: 1.0 | B29: PTOC_50GSOTF | D29: 冯志翔 | F29: switch onto fault protection with zero-sequence current | G29: 零序过流加速保护 | H29: =LEN(G29) -> 8 | I29: PTOC_50GSOTF | J29: =LEN('功能名（19）'!I29) -> 12
A30: 1.0 | B30: SOTF | D30: 冯志翔 | F30: switch onto fault protection | G30: 加速保护 | H30: =LEN(G30) -> 4 | I30: SOTF
J31: =LEN('功能名（19）'!I31) -> 0
A32: 测量功能 | J32: =LEN('功能名（19）'!I32) -> 0
A33: 1.0 | B33: MEAS_PQ | D33: 马国威 | G33: 功率计算 | I33: MEAS_PQ | J33: =LEN('功能名（19）'!I33) -> 7
A34: 1.0 | B34: MEAS_PWR | D34: 马国威 | G34: 计量计算 | I34: MEAS_PWR | J34: =LEN('功能名（19）'!I34) -> 8
A35: 控制功能
A36: 1.0 | B36: CTRL | D36: 赵琦 | F36: equipment control | G36: 设备控制 | H36: =LEN(G36) -> 4 | I36: CTRL | J36: =LEN('功能名（19）'!I36) -> 4
A37: 1.0 | B37: CILO | D37: 赵琦 | F37: interlock | G37: 联锁 | H37: =LEN(G37) -> 2 | I37: CILO | J37: =LEN('功能名（19）'!I37) -> 4
A38: 1.0 | B38: CSEQ | D38: 赵琦 | F38: equipment sequence control | G38: 序列控制 | H38: =LEN(G38) -> 4 | I38: CSEQ | J38: =LEN('功能名（19）'!I38) -> 4
A41: 其他模块
A42: 1.0 | B42: XCBR | D42: 李逸星 | G42: 开关位置模块 | H42: =LEN(G42) -> 6 | I42: XCBR | J42: =LEN('功能名（19）'!I42) -> 4
A43: 1.0 | B43: XSWI | D43: 刘龙 | G43: 刀闸模块 | H43: =LEN(G43) -> 4 | I43: XSWI | J43: =LEN('功能名（19）'!I43) -> 4
A44: 1.0 | B44: CTS | D44: 薛宇 | F44: Current Transducer Supervision | G44: CT监测 | H44: =LEN(G44) -> 4 | I44: CTS | J44: =LEN('功能名（19）'!I44) -> 3
A45: 1.0 | B45: VTS | D45: 薛宇 | F45: Voltage Transducer Supervision | G45: VT监测 | H45: =LEN(G45) -> 4 | I45: VTS | J45: =LEN('功能名（19）'!I45) -> 3
A47: 段名
A48: 1.0 | B48: STAGE1 | C48: 45547 | D48: 冯志翔 | E48: 功能名中1段的段名 | F48: Stage1 | G48: 1段 | H48: =LEN(G48) -> 2 | I48: _1 | J48: =LEN('功能名（19）'!I48) -> 2
A49: 1.0 | B49: STAGE2 | C49: 45547 | D49: 冯志翔 | E49: 功能名中2段的段名 | F49: Stage2 | G49: 2段 | H49: =LEN(G49) -> 2 | I49: _2 | J49: =LEN('功能名（19）'!I49) -> 2
A50: 1.0 | B50: STAGE3 | C50: 45547 | D50: 冯志翔 | E50: 功能名中3段的段名 | F50: Stage3 | G50: 3段 | H50: =LEN(G50) -> 2 | I50: _3 | J50: =LEN('功能名（19）'!I50) -> 2
A51: 1.0 | B51: STAGE4 | C51: 45547 | D51: 冯志翔 | E51: 功能名中4段的段名 | F51: Stage4 | G51: 4段 | H51: =LEN(G51) -> 2 | I51: _4 | J51: =LEN('功能名（19）'!I51) -> 2
A52: 1.0 | B52: STAGE5 | C52: 45547 | D52: 冯志翔 | E52: 功能名中5段的段名 | F52: Stage5 | G52: 5段 | H52: =LEN(G52) -> 2 | I52: _5 | J52: =LEN('功能名（19）'!I52) -> 2
A53: 1.0 | B53: STAGE6 | C53: 45547 | D53: 冯志翔 | E53: 功能名中6段的段名 | F53: Stage6 | G53: 6段 | H53: =LEN(G53) -> 2 | I53: _6 | J53: =LEN('功能名（19）'!I53) -> 2
A54: 1.0 | B54: STAGE7 | C54: 45547 | D54: 冯志翔 | E54: 功能名中7段的段名 | F54: Stage7 | G54: 7段 | H54: =LEN(G54) -> 2 | I54: _7 | J54: =LEN('功能名（19）'!I54) -> 2
A55: 1.0 | B55: STAGE8 | C55: 45547 | D55: 冯志翔 | E55: 功能名中8段的段名 | F55: Stage8 | G55: 8段 | H55: =LEN(G55) -> 2 | I55: _8 | J55: =LEN('功能名（19）'!I55) -> 2
A57: 分段保护功能
A58: 1.0 | B58: PTOC_50_51P_1 | D58: 冯志翔 | G58: 相过流保护1段 | H58: =LEN(G58) -> 7 | I58: PTOC_50/51P_1 | J58: =LEN(I58) -> 13
A59: 1.0 | B59: PTOC_50_51P_2 | D59: 冯志翔 | G59: 相过流保护2段 | H59: =LEN(G59) -> 7 | I59: PTOC_50/51P_2 | J59: =LEN(I59) -> 13
A60: 1.0 | B60: PTOC_50_51P_3 | D60: 冯志翔 | G60: 相过流保护3段 | H60: =LEN(G60) -> 7 | I60: PTOC_50/51P_3 | J60: =LEN(I60) -> 13
A61: 1.0 | B61: PTOC_50_51P_4 | D61: 冯志翔 | G61: 相过流保护4段 | H61: =LEN(G61) -> 7 | I61: PTOC_50/51P_4 | J61: =LEN(I61) -> 13
A62: 1.0 | B62: PTOC_50_51P_5 | D62: 冯志翔 | G62: 相过流保护5段 | H62: =LEN(G62) -> 7 | I62: PTOC_50/51P_5 | J62: =LEN(I62) -> 13
A63: 1.0 | B63: PTOC_50_51P_6 | D63: 冯志翔 | G63: 相过流保护6段 | H63: =LEN(G63) -> 7 | I63: PTOC_50/51P_6 | J63: =LEN(I63) -> 13
A64: 1.0 | B64: PTOC_50_51P_7 | D64: 冯志翔 | G64: 相过流保护7段 | H64: =LEN(G64) -> 7 | I64: PTOC_50/51P_7 | J64: =LEN(I64) -> 13
A65: 1.0 | B65: PTOC_50_51P_8 | D65: 冯志翔 | G65: 相过流保护8段 | H65: =LEN(G65) -> 7 | I65: PTOC_50/51P_8 | J65: =LEN(I65) -> 13
A66: 1.0 | B66: PTOC_50_51G_1 | D66: 冯志翔 | G66: 零序过流保护1段 | H66: =LEN(G66) -> 8 | I66: PTOC_50/51G_1 | J66: =LEN(I66) -> 13
A67: 1.0 | B67: PTOC_50_51G_2 | D67: 冯志翔 | G67: 零序过流保护2段 | H67: =LEN(G67) -> 8 | I67: PTOC_50/51G_2 | J67: =LEN(I67) -> 13
A68: 1.0 | B68: PTOC_50_51G_3 | D68: 冯志翔 | G68: 零序过流保护3段 | H68: =LEN(G68) -> 8 | I68: PTOC_50/51G_3 | J68: =LEN(I68) -> 13
A69: 1.0 | B69: PTOC_50_51G_4 | D69: 冯志翔 | G69: 零序过流保护4段 | H69: =LEN(G69) -> 8 | I69: PTOC_50/51G_4 | J69: =LEN(I69) -> 13
... A97: 1.0 | B97: PTUF_81U_6 | D97: 冯志翔 | G97: 低频保护6段 | H97: =LEN(G97) -> 6 | I97: PTUF_81U_6 | J97: =LEN(I97) -> 10
A1183: =IF(B1183="","",IF(A1183<>"",A1183,#REF!)) | C1183: =IF(B1183="","",IF(C1183<>"",C1183,NOW()))
A1184: =IF(B1184="","",IF(A1184<>"",A1184,#REF!)) | C1184: =IF(B1184="","",IF(C1184<>"",C1184,NOW()))
A1185: =IF(B1185="","",IF(A1185<>"",A1185,#REF!)) | C1185: =IF(B1185="","",IF(C1185<>"",C1185,NOW()))
A1186: =IF(B1186="","",IF(A1186<>"",A1186,#REF!)) | C1186: =IF(B1186="","",IF(C1186<>"",C1186,NOW()))
C1187: =IF(B1187="","",IF(C1187<>"",C1187,NOW()))

Sheet 外部输入信号(中26，外22)
A1: 版本 | B1: Abbr | C1: 创建日期 | D1: 创建人 | E1: 术语中文释义 | F1: 术语英文释义 | G1: 中文术语 | I1: 英文术语 | K1: 西文术语 | M1: 俄文术语
G2: 术语 | H2: 字符数 | I2: 术语 | J2: 字符数 | K2: 术语 | L2: 字符数 | M2: 术语 | N2: 字符数
A3: 遥信
A4: 1.0 | B4: in_mcb | C4: =IF(B4="","",IF(C4<>"",C4,NOW())) -> 0 | D4: 薛宇 | E4: 互感器就地端子箱空开位置 | F4: NC (normally closed) contact of MCB | G4: VT MCB打开 | H4: =LEN(G4) -> 8 | I4: NC_MCB | J4: =LEN(I4) -> 6
A5: 1.0 | B5: in_line1_pt_mcb | C5: =IF(B5="","",IF(C5<>"",C5,NOW())) -> 0 | D5: 冯志翔 | E5: 线路1电压的 MCB接点，接入MCB常闭接点，即MCB打开时闭合 | F5: NC (normally closed) contact of MCB of VT on line1 | G5: 线路1VT MCB打开 | H5: =LEN(G5) -> 11 | I5: NC_MCB_Line1 | J5: =LEN(I5) -> 12
A6: 1.0 | B6: in_line2_pt_mcb | C6: =IF(B6="","",IF(C6<>"",C6,NOW())) -> 0 | D6: 冯志翔 | E6: 线路2电压的 MCB接点，接入MCB常闭接点，即MCB打开时闭合 | F6: NC (normally closed) contact of MCB of VT on line2 | G6: 线路2VT MCB打开 | H6: =LEN(G6) -> 11 | I6: NC_MCB_Line2 | J6: =LEN(I6) -> 12
A7: 1.0 | B7: in_bus1_pt_mcb | C7: =IF(B7="","",IF(C7<>"",C7,NOW())) -> 0 | D7: 冯志翔 | E7: 母线1电压的 MCB接点，接入MCB常闭接点，即MCB打开时闭合 | F7: NC (normally closed) contact of MCB of VT on bus1 | G7: 母线1VT MCB打开 | H7: =LEN(G7) -> 11 | I7: NC_MCB_Bus1 | J7: =LEN(I7) -> 11
A8: 1.0 | B8: in_bus2_pt_mcb | C8: =IF(B8="","",IF(C8<>"",C8,NOW())) -> 0 | D8: 冯志翔 | E8: 母线2电压的 MCB接点，接入MCB常闭接点，即MCB打开时闭合 | F8: NC (normally closed) contact of MCB of VT on bus2 | G8: 母线2VT MCB打开 | H8: =LEN(G8) -> 11 | I8: NC_MCB_Bus2 | J8: =LEN(I8) -> 11
A9: 1.0 | B9: in_ref_pt_mcb | D9: 冯志翔 | E9: 参考侧电压的MCB接点，接入MCB常闭接点，即MCB打开时闭合 | F9: NC (normally closed) contact of MCB of VT at reference side | G9: 参考侧VT MCB打开 | H9: =LEN(G9) -> 11 | I9: NC_MCB_RefSide | J9: =LEN(I9) -> 14
A10: 1.0 | B10: in_syn_pt_mcb | D10: 冯志翔 | E10: 同期侧电压的MCB接点，接入MCB常闭接点，即MCB打开时闭合 | F10: NC (normally closed) contact of MCB of VT at synchronization side | G10: 同期侧VT MCB打开 | H10: =LEN(G10) -> 11 | I10: NC_MCB_SynSide | J10: =LEN(I10) -> 14
A11: 1.0 | B11: in_cb_52a | C11: =IF(B11="","",IF(C11<>"",C11,NOW())) -> 0 | D11: 李逸星 | F11: A normally open contact of circuit breaker | G11: 开关常开触点 | H11: =LEN(G11) -> 6 | I11: 52a | J11: =LEN(I11) -> 3
A12: 1.0 | B12: in_cb_52b | C12: =IF(B12="","",IF(C12<>"",C12,NOW())) -> 0 | D12: 李逸星 | F12: A normally closed contact of circuit breaker | G12: 开关常闭触点 | H12: =LEN(G12) -> 6 | I12: 52b | J12: =LEN(I12) -> 3
A13: 1.0 | B13: in_cb_pha_52a | C13: =IF(B13="","",IF(C13<>"",C13,NOW())) -> 0 | D13: 李逸星 | F13: A normally open contact of circuit breaker phase A | G13: 开关A相常开触点 | H13: =LEN(G13) -> 8 | I13: 52a_PhA | J13: =LEN(I13) -> 7
A14: 1.0 | B14: in_cb_pha_52b | C14: =IF(B14="","",IF(C14<>"",C14,NOW())) -> 0 | D14: 李逸星 | F14: A normally closed contact of circuit breaker phase A | G14: 开关A相常闭触点 | H14: =LEN(G14) -> 8 | I14: 52b_PhA | J14: =LEN(I14) -> 7
A15: 1.0 | B15: in_cb_phb_52a | C15: =IF(B15="","",IF(C15<>"",C15,NOW())) -> 0 | D15: 李逸星 | F15: A normally open contact of circuit breaker phase B | G15: 开关B相常开触点 | H15: =LEN(G15) -> 8 | I15: 52a_PhB | J15: =LEN(I15) -> 7
A16: 1.0 | B16: in_cb_phb_52b | C16: =IF(B16="","",IF(C16<>"",C16,NOW())) -> 0 | D16: 李逸星 | F16: A normally closed contact of circuit breaker phase B | G16: 开关B相常闭触点 | H16: =LEN(G16) -> 8 | I16: 52b_PhB | J16: =LEN(I16) -> 7
A17: 1.0 | B17: in_cb_phc_52a | C17: =IF(B17="","",IF(C17<>"",C17,NOW())) -> 0 | D17: 李逸星 | F17: A normally open contact of circuit breaker phase C | G17: 开关C相常开触点 | H17: =LEN(G17) -> 8 | I17: 52a_PhC | J17: =LEN(I17) -> 7
A18: 1.0 | B18: in_cb_phc_52b | C18: =IF(B18="","",IF(C18<>"",C18,NOW())) -> 0 | D18: 李逸星 | F18: A normally closed contact of circuit breaker phase C | G18: 开关C相常闭触点 | H18: =LEN(G18) -> 8 | I18: 52b_PhC | J18: =LEN(I18) -> 7
A19: 1.0 | B19: bypass_swi_89a | C19: =IF(B19="","",IF(C19<>"",C19,NOW())) -> 0 | D19: 刘龙 | F19: A normally open contact of bypass switch | G19: 旁路刀闸常开触点 | H19: =LEN(G19) -> 8 | I19: 89a_Bypass | J19: =LEN(I19) -> 10
A20: 1.0 | B20: bypass_swi_89b | C20: =IF(B20="","",IF(C20<>"",C20,NOW())) -> 0 | D20: 刘龙 | F20: A normally closed contact of bypass switch | G20: 旁路刀闸常闭触点 | H20: =LEN(G20) -> 8 | I20: 89b_Bypass | J20: =LEN(I20) -> 10
A21: 1.0 | B21: bus1_swi_89a | C21: =IF(B21="","",IF(C21<>"",C21,NOW())) -> 0 | D21: 刘龙 | F21: A normally open contact of bus1 switch | G21: 母线1刀闸常开触点 | H21: =LEN(G21) -> 9 | I21: 89a_Bus1 | J21: =LEN(I21) -> 8
A22: 1.0 | B22: bus1_swi_89b | D22: 刘龙 | F22: A normally closed contact of bus1 switch | G22: 母线1刀闸常闭触点 | H22: =LEN(G22) -> 9 | I22: 89b_Bus1 | J22: =LEN(I22) -> 8
A23: 1.0 | B23: bus2_swi_89a | D23: 刘龙 | F23: A normally open contact of bus2 switch | G23: 母线2刀闸常开触点 | H23: =LEN(G23) -> 9 | I23: 89a_Bus2 | J23: =LEN(I23) -> 8
A24: 1.0 | B24: bus2_swi_89b | D24: 刘龙 | F24: A normally closed contact of bus2 switch | G24: 母线2刀闸常闭触点 | H24: =LEN(G24) -> 9 | I24: 89b_Bus2 | J24: =LEN(I24) -> 8
A25: 1.0 | B25: in_swi_89a | D25: 冯志翔 | F25: A normally open contact of switch | G25: 刀闸常开触点 | H25: =LEN(G25) -> 6 | I25: 89a | J25: =LEN(I25) -> 3
A26: 1.0 | B26: in_swi_89b | D26: 冯志翔 | F26: A normally closed contact of switch | G26: 刀闸常闭触点 | H26: =LEN(G26) -> 6 | I26: 89b | J26: =LEN(I26) -> 3
A28: 硬压板
A29: 1.0 | B29: in_en | C29: =IF(B29="","",IF(C29<>"",C29,NOW())) -> 0 | D29: 刘龙 | E29: 功能投入输入 | F29: enable function | G29: 功能投入开入 | H29: =LEN(G29) -> 6 | I29: Enable | J29: =LEN(I29) -> 6
A30: 1.0 | B30: in_blk | C30: =IF(B30="","",IF(C30<>"",C30,NOW())) -> 0 | D30: 刘龙 | E30: 功能闭锁输入 | F30: block function | G30: 闭锁开入 | H30: =LEN(G30) -> 4 | I30: Block | J30: =LEN(I30) -> 5
A31: 1.0 | B31: in_off | C31: =IF(B31="","",IF(C31<>"",C31,NOW())) -> 0 | D31: 宋丹丹 | E31: 功能退出输入，默认状态为退出 | F31: turnoff function | G31: 功能退出开入 | H31: =LEN(G31) -> 6 | I31: Disable | J31: =LEN(I31) -> 7
A33: =IF(B33="","",IF(A33<>"",A33,#REF!)) | C33: =IF(B33="","",IF(C33<>"",C33,NOW()))
A34: 通用保护开入
A35: 1.0 | B35: in_reset | C35: =IF(B35="","",IF(C35<>"",C35,NOW())) -> 0 | D35: 宋丹丹 | E35: 复归 | F35: input of reset | G35: 复归命令 | H35: =LEN(G35) -> 4 | I35: ResetSignal | J35: =LEN(I35) -> 11
A38: 保护开入
A39: 1.0 | B39: bfi_ph3 | C39: 44630.607 | D39: 刘龙 | E39: 外部信号，启动失灵 | F39: initiate BF (breaker failure protection) for 3 phases from external devices | G39: 外部三相启失灵开入 | H39: 7 | I39: ExtInit_BF_3Ph | J39: =LEN(I39) -> 14
A40: 1.0 | B40: bfi_ph3_ch2 | C40: 44630.607 | D40: 刘龙 | E40: 外部信号，启动失灵 | F40: initiate BF (breaker failure protection) for 3 phases from external devices, group 2 | G40: 外部三相启失灵开入2 | H40: 7 | I40: ExtInit_BF_3Ph_2 | J40: =LEN(I40) -> 16
A41: 1.0 | B41: bfi_phA | C41: 44630.607 | D41: 刘龙 | E41: 外部信号，启动失灵 | F41: initiate BF (breaker failure protection) for phase A from external devices | G41: 外部A相启失灵开入 | H41: 7 | I41: ExtInit_BF_PhA | J41: =LEN(I41) -> 14
A42: 1.0 | B42: bfi_phB | C42: 44630.607 | D42: 刘龙 | E42: 外部信号，启动失灵 | F42: initiate BF (breaker failure protection) for phase B from external devices | G42: 外部B相启失灵开入 | H42: 7 | I42: ExtInit_BF_PhB | J42: =LEN(I42) -> 14
A43: 1.0 | B43: bfi_phC | C43: 44630.607 | D43: 刘龙 | E43: 外部信号，启动失灵 | F43: initiate BF (breaker failure protection) for phase C from external devices | G43: 外部C相启失灵开入 | H43: 7 | I43: ExtInit_BF_PhC | J43: =LEN(I43) -> 14
A44: 1.0 | B44: bfi_cont | C44: 44630.607 | D44: 刘龙 | F44: initiate BF (breaker failure protection) by contact position | G44: （判位置）启失灵开入 | H44: 7 | I44: ExtInit_BF_ByPos | J44: =LEN(I44) -> 16
A45: 1.0
A46: 1.0 | B46: in_1p_mod | C46: =IF(B46="","",IF(C46<>"",C46,NOW())) -> 0 | D46: 宋丹丹 | E46: 选择单相重合闸方式的输入信号 | F46: Select 1-pole reclosing mode | G46: 单重方式 | H46: =LEN(G46) -> 4 | I46: Select_1PoleMode | J46: =LEN(I46) -> 16
A47: 1.0 | B47: in_3p_mod | C47: =IF(B47="","",IF(C47<>"",C47,NOW())) -> 0 | D47: 宋丹丹 | E47: 选择三相重合闸方式的输入信号 | F47: Select 3-pole reclosing mode | G47: 三重方式 | H47: =LEN(G47) -> 4 | I47: Select_3PoleMode | J47: =LEN(I47) -> 16
A48: 1.0 | B48: in_1p3p_mod | C48: =IF(B48="","",IF(C48<>"",C48,NOW())) -> 0 | D48: 宋丹丹 | E48: 选择综合重合闸方式的输入信号 | F48: Select 1/3-pole reclosing mode | G48: 综重方式 | H48: =LEN(G48) -> 4 | I48: Select_1/3PoleMode | J48: =LEN(I48) -> 18
A49: 1.0 | B49: in_blkrc | C49: 冯志翔 | D49: 冯志翔 | E49: 闭锁重合闸输入 | F49: blocking reclosing | G49: 闭锁重合闸输入 | H49: =LEN(G49) -> 7 | I49: Block_AR | J49: =LEN(I49) -> 8
A50: 1.0 | B50: in_cmd3p_rec | C50: 冯志翔 | D50: 冯志翔 | E50: 三重动作输入，外部装置和本装置重合闸保护动作的合成信号，用于开放加速保护 | F50: 3-pole reclosure operate | G50: 三重动作输入 | H50: =LEN(G50) -> 6 | I50: AR_Close_3Pole | J50: =LEN(I50) -> 14
A51: 1.0 | B51: in_cmd1p_rec | C51: 冯志翔 | D51: 冯志翔 | E51: 单重动作输入，外部装置和本装置重合闸保护动作的合成信号，用于开放加速保护 | F51: 1-pole reclosure operate | G51: 单重动作输入 | H51: =LEN(G51) -> 6 | I51: AR_Close_1Pole | J51: =LEN(I51) -> 14
A52: 1.0
A53: 1.0 | B53: in_trip_o | C53: =IF(B53="","",IF(C53<>"",C53,NOW())) -> 0 | D53: 宋丹丹 | E53: 线路保护任意相跳闸起动重合闸输入信号 | F53: any phase tripping signal from protection | G53: 保护跳闸 | H53: =LEN(G53) -> 4 | I53: Trip_Polex | J53: =LEN(I53) -> 10
A54: 1.0 | B54: in_3p_trip_o | C54: =IF(B54="","",IF(C54<>"",C54,NOW())) -> 0 | D54: 宋丹丹 | E54: 线路保护三相跳闸起动重合闸输入信号；跳闸模块的跳闸触发输入信号 | F54: 3-pole tripping signal from protection | G54: 三相跳闸 | H54: =LEN(G54) -> 4 | I54: Trip_3Pole | J54: =LEN(I54) -> 10
A55: 1.0 | B55: in_tripa_o | C55: =IF(B55="","",IF(C55<>"",C55,NOW())) -> 0 | D55: 宋丹丹 | E55: 线路保护A相跳闸起动重合闸输入信号；跳闸模块的跳闸触发输入信号 | F55: A-pole tripping signal from protection | G55: A相跳闸 | H55: =LEN(G55) -> 4 | I55: Trip_PoleA | J55: =LEN(I55) -> 10
A56: 1.0 | B56: in_tripb_o | C56: =IF(B56="","",IF(C56<>"",C56,NOW())) -> 0 | D56: 宋丹丹 | E56: 线路保护B相跳闸起动重合闸输入信号；跳闸模块的跳闸触发输入信号 | F56: B-pole tripping signal from protection | G56: B相跳闸 | H56: =LEN(G56) -> 4 | I56: Trip_PoleB | J56: =LEN(I56) -> 10
A57: 1.0 | B57: in_tripc_o | C57: =IF(B57="","",IF(C57<>"",C57,NOW())) -> 0 | D57: 宋丹丹 | E57: 线路保护C相跳闸起动重合闸输入信号；跳闸模块的跳闸触发输入信号 | F57: C-pole tripping signal from protection | G57: C相跳闸 | H57: =LEN(G57) -> 4 | I57: Trip_PoleC | J57: =LEN(I57) -> 10
A58: 1.0 | B58: in_cb_hyj | C58: =IF(B58="","",IF(C58<>"",C58,NOW())) -> 0 | D58: 宋丹丹 | E58: 表明断路器是否准备好实现一次分、合、分操作，一般是指是否有足够压力 | F58: low closing pressure, CB is not ready | G58: 开关未准备就绪 | H58: =LEN(G58) -> 8 | I58: CB_NotReady | J58: =LEN(I58) -> 11
A59: 1.0 | B59: in_qd_wait | C59: =IF(B59="","",IF(C59<>"",C59,NOW())) -> 0 | D59: 宋丹丹 | E59: 该信号输入时，重合闸起动计时停止，直至信号返回后才能继续 | F59: wait the start of reclose | G59: 重合启动等待 | H59: =LEN(G59) -> 6 | I59: Wait_To_StrRecl | J59: =LEN(I59) -> 15
A60: 1.0 | B60: in_bo_wait | C60: =IF(B60="","",IF(C60<>"",C60,NOW())) -> 0 | D60: 宋丹丹 | E60: 重合闸脉冲输出等待信号，该信号输入时，重合闸出口停止，直至信号返回后才能出口 | F60: wait the action of reclose | G60: 重合出口等待 | H60: =LEN(G60) -> 6 | I60: Wait_To_Reclose | J60: =LEN(I60) -> 15
A61: 1.0 | B61: in_extr_time | C61: =IF(B61="","",IF(C61<>"",C61,NOW())) -> 0 | D61: 宋丹丹 | E61: 一般接纵联通道异常信号，当“重合闸额外延时”输入动作，且定值[投重合闸额外延时]置“是”，则重合闸实际动作时间等于重合闸延时定值+[重合闸额外延时时间] | F61: wait additional time | G61: 重合闸额外延时 | H61: =LEN(G61) -> 7 | I61: Wait_AR_AddDly | J61: =LEN(I61) -> 14
A62: 1.0 | B62: in_1p_3v_blk | C62: =IF(B62="","",IF(C62<>"",C62,NOW())) -> 0 | D62: 宋丹丹 | E62: 仅当定值[单重经三相有压]=“是”，且该输入信号为0，才投入单重经三相有压判据 | F62: block 3phase live check in 1-pole AR | G62: 闭锁单重经三相有压 | H62: =LEN(G62) -> 9 | I62: Block_3LvChk_1PoleAR | J62: =LEN(I62) -> 20
A63: 1.0 | B63: in_manual_open | C63: =IF(B63="","",IF(C63<>"",C63,NOW())) -> 0 | D63: 宋丹丹 | E63: 手动分闸 | F63: open the breaker manually | G63: 手分开关 | H63: =LEN(G63) -> 4 | I63: Open_Manually | J63: =LEN(I63) -> 13
A64: 1.0 | B64: in_manual_close | C64: =IF(B64="","",IF(C64<>"",C64,NOW())) -> 0 | D64: 宋丹丹 | E64: 手动合闸 | F64: close the breaker manually | G64: 手合开关 | H64: =LEN(G64) -> 4 | I64: Close_Manually | J64: =LEN(I64) -> 14
... A69: 1.0 | B69: in_chk_vl_blk | C69: =IF(B69="","",IF(C69<>"",C69,NOW())) -> 0 | D69: 苗文彬 | E69: 闭锁检无压输入信号 | F69: BI (binary input) to block dead-voltage check | G69: 闭锁检无压 | H69: =LEN(G69) -> 5 | I69: Block_DdChk | J69: =LEN(I69) -> 11
A70: 1.0 | B70: in_chk_syn_ar | C70: =IF(B70="","",IF(C70<>"",C70,NOW())) -> 0 | D70: 苗文彬 | F70: BI (binary input) to select AR(automatc reclosing) mode: SynchroCheck | G70: 投重合闸检同期 | H70: =LEN(G70) -> 7 | I70: Select_AR_SynChk | J70: =LEN(I70) -> 16
A71: 1.0 | B71: in_chk_refvh_synvl_ar | C71: =IF(B71="","",IF(C71<>"",C71,NOW())) -> 0 | D71: 苗文彬 | F71: BI (binary input) to select AR(automatc reclosing) mode: Refence voltage live, synchro-voltage dead | G71: 投重合闸检参考有压同期无压 | H71: =LEN(G71) -> 13 | I71: Select_AR_RefLv_SynDd | J71: =LEN(I71) -> 21
A72: 1.0 | B72: in_chk_refvl_synvh_ar | C72: =IF(B72="","",IF(C72<>"",C72,NOW())) -> 0 | D72: 苗文彬 | F72: BI (binary input) to select AR(automatc reclosing) mode: Refence voltage dead, synchro-voltage live | G72: 投重合闸检参考无压同期有压 | H72: =LEN(G72) -> 13 | I72: Select_AR_RefDd_SynLv | J72: =LEN(I72) -> 21
A73: 1.0 | B73: in_chk_refvl_synvl_ar | C73: =IF(B73="","",IF(C73<>"",C73,NOW())) -> 0 | D73: 苗文彬 | F73: BI (binary input) to select AR(automatc reclosing) mode: Refence voltage dead, synchro-voltage dead | G73: 投重合闸检参考无压同期无压 | H73: =LEN(G73) -> 13 | I73: Select_AR_RefDd_SynDd | J73: =LEN(I73) -> 21
A74: 1.0 | B74: in_nochk_ar | C74: =IF(B74="","",IF(C74<>"",C74,NOW())) -> 0 | D74: 苗文彬 | F74: BI (binary input) to select AR(automatc reclosing) mode: not to check | G74: 投重合闸不检 | H74: =LEN(G74) -> 6 | I74: Select_AR_NoChk | J74: =LEN(I74) -> 15
A75: 1.0 | B75: in_chk_syn_sh | C75: =IF(B75="","",IF(C75<>"",C75,NOW())) -> 0 | D75: 苗文彬 | F75: BI (binary input) to select MC(manual closing) mode: SynchroCheck | G75: 投手合检同期 | H75: =LEN(G75) -> 6 | I75: Select_MC_SynChk | J75: =LEN(I75) -> 16
A76: 1.0 | B76: in_chk_refvh_synvl_sh | C76: =IF(B76="","",IF(C76<>"",C76,NOW())) -> 0 | D76: 苗文彬 | F76: BI (binary input) to select MC(manual closing) mode: Refence voltage live, synchro-voltage dead | G76: 投手合检参考有压同期无压 | H76: =LEN(G76) -> 12 | I76: Select_MC_RefLv_SynDd | J76: =LEN(I76) -> 21
A77: 1.0 | B77: in_chk_refvl_synvh_sh | C77: =IF(B77="","",IF(C77<>"",C77,NOW())) -> 0 | D77: 苗文彬 | F77: BI (binary input) to select MC(manual closing) mode: Refence voltage dead, synchro-voltage live | G77: 投手合检参考无压同期有压 | H77: =LEN(G77) -> 12 | I77: Select_MC_RefDd_SynLv | J77: =LEN(I77) -> 21
A78: 1.0 | B78: in_chk_refvl_synvl_sh | C78: =IF(B78="","",IF(C78<>"",C78,NOW())) -> 0 | D78: 苗文彬 | F78: BI (binary input) to select MC(manual closing) mode: Refence voltage dead, synchro-voltage dead | G78: 投手合检参考无压同期无压 | H78: =LEN(G78) -> 12 | I78: Select_MC_RefDd_SynDd | J78: =LEN(I78) -> 21
A79: 1.0 | B79: in_nochk_sh | C79: =IF(B79="","",IF(C79<>"",C79,NOW())) -> 0 | D79: 苗文彬 | F79: BI (binary input) to select MC(manual closing) mode: not to check | G79: 投手合不检 | H79: =LEN(G79) -> 5 | I79: Select_MC_NoChk | J79: =LEN(I79) -> 15
A80: 1.0 | B80: in_chk_syn_en_ar | C80: =IF(B80="","",IF(C80<>"",C80,NOW())) -> 0 | D80: 苗文彬 | E80: 同步性检测起动输入信号，指自动重合闸模型中自动重合起动信号 | F80: BI (binary input) to start synchonization check of AR | G80: 启动重合闸同期检测 | H80: =LEN(G80) -> 9 | I80: Start_AR_SynChk | J80: =LEN(I80) -> 15
A81: 1.0 | B81: in_chk_syn_en_sh | C81: =IF(B81="","",IF(C81<>"",C81,NOW())) -> 0 | D81: 苗文彬 | E81: 同步性检测起动输入信号，指手合起动信号 | F81: BI (binary input) to start synchonization check of MC | G81: 启动手合同期检测 | H81: =LEN(G81) -> 8 | I81: Start_MC_SynChk | J81: =LEN(I81) -> 15
A82: 1.0 | B82: in_chk_vl_en_ar | C82: =IF(B82="","",IF(C82<>"",C82,NOW())) -> 0 | D82: 苗文彬 | E82: 无压检测起动输入信号，指自动重合闸模型中自动重合起动信号 | F82: BI (binary input) to start dead-voltage check of AR | G82: 启动重合闸无压检测 | H82: =LEN(G82) -> 9 | I82: Start_AR_DdChk | J82: =LEN(I82) -> 14
A83: 1.0 | B83: in_chk_vl_en_sh | C83: =IF(B83="","",IF(C83<>"",C83,NOW())) -> 0 | D83: 苗文彬 | E83: 无压检测起动输入信号，指手合起动信号 | F83: BI (binary input) to start dead-voltage check of MC | G83: 启动手合无压检测 | H83: =LEN(G83) -> 8 | I83: Start_MC_DdChk | J83: =LEN(I83) -> 14
A84: 1.0 | B84: in_usyn_blk | C84: =IF(B84="","",IF(C84<>"",C84,NOW())) -> 0 | D84: 苗文彬 | E84: 闭锁同期电压的PT回路监测 | F84: Block monitoring on Usyn | G84: 闭锁Usyn异常检测 | H84: =LEN(G84) -> 10 | I84: Block_Monit_Usyn | J84: =LEN(I84) -> 16
A85: 1.0 | B85: in_uref_blk | C85: =IF(B85="","",IF(C85<>"",C85,NOW())) -> 0 | D85: 苗文彬 | E85: 闭锁参考电压的PT回路监测 | F85: Block monitoring on Uref | G85: 闭锁Uref异常检测 | H85: =LEN(G85) -> 10 | I85: Block_Monit_Uref | J85: =LEN(I85) -> 16
A86: 1.0 | B86: in_cb_force_opn | C86: 44675.706 | D86: 李逸星 | E86: 将断路器位置强制输出为0 | F86: Force the output position of circuit breaker to be open | G86: 开关强制分位 | H86: 7 | I86: Force_CB_AsOpen | J86: =LEN(I86) -> 15
A87: 1.0 | B87: in_cb_pd | C87: =IF(B87="","",IF(C87<>"",C87,NOW())) -> 0 | D87: 李逸星 | F87: The external binary input of pole discrepancy (PD) | G87: 非全相外部开入 | H87: =LEN(G87) -> 7 | I87: BI_PD | J87: =LEN(I87) -> 5
A88: 1.0 | B88: in_cb_lgp | C88: =IF(B88="","",IF(C88<>"",C88,NOW())) -> 0 | D88: 刘龙 | F88: Low Gas Pressure contact of breaker | G88: 开关气压低触点 | H88: =LEN(G88) -> 7 | I88: Contact_LowGasPr | J88: =LEN(I88) -> 16
A89: 1.0 | B89: swi_ack | D89: 刘龙 | F89: BI (binary input) to confirm the position of disconnector switch | G89: 刀闸位置确认 | H89: =LEN(G89) -> 6 | I89: Confirm_Pos_DS | J89: =LEN(I89) -> 14
A90: 1.0 | B90: mul_swi_cont_pwr_dwn | D90: 刘龙 | F90: BI (binary input) to indicate the power down of auxiliary contacts of switches in multiple bays | G90: 多间隔刀闸辅助触点掉电 | H90: =LEN(G90) -> 11 | I90: PwrDown_AuxContacts | J90: =LEN(I90) -> 19
A92: 1.0 | B92: Accu_Clr_1 | C92: =IF(B92="","",IF(C92<>"",C92,NOW())) -> 0 | D92: 余培懿 | F92: clear thermal accumulation value 1 | G92: 热累积清零_1 | H92: =LEN(G92) -> 7 | I92: Clear_ThermAccum1 | J92: =LEN(I92) -> 17
A93: 1.0 | B93: Accu_Clr_2 | C93: =IF(B93="","",IF(C93<>"",C93,NOW())) -> 0 | D93: 余培懿 | F93: clear thermal accumulation value 2 | G93: 热累积清零_2 | H93: =LEN(G93) -> 7 | I93: Clear_ThermAccum2 | J93: =LEN(I93) -> 17
A94: 1.0 | B94: Accu_Clr | D94: 冯志翔 | F94: clear thermal accumulation value | G94: 热累积清零 | H94: =LEN(G94) -> 5 | I94: Clear_ThermAccum | J94: =LEN(I94) -> 16
A96: 1.0 | B96: in_init_bfp | C96: 44664.672 | D96: 孙启锐 | E96: 启动失灵元件，外部启失灵和内部动作元件启失灵的合成信号，用于跳闸模块 | F96: starup breaker failure protection; Initiate BF (breaker failure protection） | G96: 启动失灵 | H96: =LEN(G96) -> 4 | I96: Initiate_BF | J96: =LEN(I96) -> 11
A97: 1.0
A98: 1.0 | B98: in_ftrack_blk | C98: =IF(B98="","",IF(C98<>"",C98,NOW())) -> 0 | D98: 孙启锐 | E98: 频率模块：闭锁频率跟踪开入 | F98: Block Frequency tracking | G98: 闭锁频率跟踪输入 | H98: =LEN(G98) -> 8 | I98: Block_FreqTracking | J98: =LEN(I98) -> 18
A99: =IF(B99="","",IF(A99<>"",A99,#REF!)) | C99: =IF(B99="","",IF(C99<>"",C99,NOW()))
A100: 功率计量模块开入
A101: 1.0 | B101: in_adj_cmd | C101: 44638 | D101: 赵琦 | E101: 计量模块：精度校正命令输入 | F101: start accuracy automatic calibration | G101: 启动精度自动校准 | H101: 8 | I101: Start_AutoCorr | J101: =LEN(I101) -> 14
A102: 1.0 | B102: in_external_error | C102: 44691.856 | D102: 赵琦 | F102: external-pulse error | G102: 外部脉冲故障 | H102: 6 | I102: ExtPulseErr | J102: =LEN(I102) -> 11
A103: 1.0 | B103: in_clr_cmd | C103: =IF(B103="","",IF(C103<>"",C103,NOW())) -> 0 | D103: 赵琦 | F103: clear energy value | G103: 电度清除命令 | H103: =LEN(G103) -> 6 | I103: Reset_EnergyVal | J103: =LEN(I103) -> 15
A104: 1.0 | B104: in_p_pos_pulse | C104: =IF(B104="","",IF(C104<>"",C104,NOW())) -> 0 | D104: 赵琦 | F104: binary input: pulse of positive(+）active energy (Wp) | G104: 正向有功脉冲输入 | H104: =LEN(G104) -> 8 | I104: Pulse_Wp+ | J104: =LEN(I104) -> 9
A105: 1.0 | B105: in_q_pos_pulse | C105: =IF(B105="","",IF(C105<>"",C105,NOW())) -> 0 | D105: 赵琦 | F105: binary input: pulse of positive(+）reactive energy (Wq) | G105: 正向无功脉冲输入 | H105: =LEN(G105) -> 8 | I105: Pulse_Wq+ | J105: =LEN(I105) -> 9
A106: 1.0 | B106: in_p_neg_pulse | C106: =IF(B106="","",IF(C106<>"",C106,NOW())) -> 0 | D106: 赵琦 | F106: binary input: pulse of negative(+）active energy (Wp) | G106: 反向有功脉冲输入 | H106: =LEN(G106) -> 8 | I106: Pulse_Wp- | J106: =LEN(I106) -> 9
A107: 1.0 | B107: in_q_neg_pulse | C107: =IF(B107="","",IF(C107<>"",C107,NOW())) -> 0 | D107: 赵琦 | F107: binary input: pulse of negative(+）reactive energy (Wq) | G107: 反向无功脉冲输入 | H107: =LEN(G107) -> 8 | I107: Pulse_Wq- | J107: =LEN(I107) -> 9
A108: 1.0 | B108: in_p_total_pulse | C108: =IF(B108="","",IF(C108<>"",C108,NOW())) -> 0 | D108: 赵琦 | F108: binary input: pulse of active energy (Wp) | G108: 总有功脉冲输入 | H108: =LEN(G108) -> 7 | I108: Pulse_Wp | J108: =LEN(I108) -> 8
A109: 1.0 | B109: in_q_total_pulse | C109: =IF(B109="","",IF(C109<>"",C109,NOW())) -> 0 | D109: 赵琦 | F109: binary input: pulse of active energy (Wq) | G109: 总无功脉冲输入 | H109: =LEN(G109) -> 7 | I109: Pulse_Wq | J109: =LEN(I109) -> 8
A110: 1.0 | B110: in_p_pos_pulse_err | C110: =IF(B110="","",IF(C110<>"",C110,NOW())) -> 0 | D110: 赵琦 | F110: binary input: external pulse error for positive(+）active energy (Wp) | G110: 正向有功脉冲故障输入 | H110: 6 | I110: PulseErr_Wp+ | J110: =LEN(I110) -> 12
...

Sheet 内部输入信号(中26，外22) 
A1: 版本 | B1: Abbr | C1: 创建日期 | D1: 创建人 | E1: 术语中文释义 | F1: 术语英文释义 | G1: 中文术语 | I1: 英文术语 | K1: 西文术语 | M1: 俄文术语
G2: 术语 | H2: 字符数 | I2: 术语 | J2: 字符数 | K2: 术语 | L2: 字符数 | M2: 术语 | N2: 字符数
A3: 内部输入信号
A4: 1.0 | B4: in_cb_clsd_a | C4: 44694 | D4: 冯志翔 | E4: 开关A相合位 | F4: circuit breaker pole A is closed | G4: 开关A相合位 | H4: =LEN(G4) -> 6 | I4: PoleA_Clsd | J4: =LEN(I4) -> 10
A5: 1.0 | B5: in_cb_opn_a | C5: 44694 | D5: 冯志翔 | E5: 开关A相分位，来自开关模块，当前加速保护用 | F5: circuit breaker pole A is open | G5: 开关A相分位 | H5: =LEN(G5) -> 6 | I5: PoleA_Open | J5: =LEN(I5) -> 10
A6: 1.0 | B6: in_cb_clsd_b | C6: 44694 | D6: 冯志翔 | E6: 开关B相合位 | F6: circuit breaker pole B is closed | G6: 开关B相合位 | H6: =LEN(G6) -> 6 | I6: PoleB_Clsd | J6: =LEN(I6) -> 10
A7: 1.0 | B7: in_cb_opn_b | C7: 44694 | D7: 冯志翔 | E7: 开关B相分位，来自开关模块，当前加速保护用 | F7: circuit breaker pole B is open | G7: 开关B相分位 | H7: =LEN(G7) -> 6 | I7: PoleB_Open | J7: =LEN(I7) -> 10
A8: 1.0 | B8: in_cb_clsd_c | C8: 44694 | D8: 冯志翔 | E8: 开关C相合位 | F8: circuit breaker pole C is closed | G8: 开关C相合位 | H8: =LEN(G8) -> 6 | I8: PoleC_Clsd | J8: =LEN(I8) -> 10
A9: 1.0 | B9: in_cb_opn_c | C9: 44694 | D9: 冯志翔 | E9: 开关C相分位，来自开关模块，当前加速保护用 | F9: circuit breaker pole C is open | G9: 开关C相分位 | H9: =LEN(G9) -> 6 | I9: PoleC_Open | J9: =LEN(I9) -> 10
A10: 1.0 | B10: in_line1_dpos_wj | C10: =IF(B10="","",IF(C10<>"",C10,NOW())) -> 0 | D10: 苗文彬 | E10: 1½接线或双母接线线路1刀闸双位置接点 | F10: Double switch position of line1 | G10: 线路1刀闸双位置 | H10: =LEN(G10) -> 8 | I10: DblPos_Sw_Line1 | J10: =LEN(I10) -> 15
A11: 1.0 | B11: in_line2_dpos_wj | C11: =IF(B11="","",IF(C11<>"",C11,NOW())) -> 0 | D11: 苗文彬 | E11: 1½接线线路2刀闸双位置接点 | F11: Double switch position of line2 | G11: 线路2刀闸双位置 | H11: =LEN(G11) -> 8 | I11: DblPos_Sw_Line2 | J11: =LEN(I11) -> 15
A12: 1.0 | B12: in_bus1_dpos_wj | C12: =IF(B12="","",IF(C12<>"",C12,NOW())) -> 0 | D12: 苗文彬 | E12: 1½接线或双母接线母线1开关双位置接点 | F12: Double switch position bus1 | G12: 母线1开关双位置 | H12: =LEN(G12) -> 8 | I12: DblPos_Sw_Bus1 | J12: =LEN(I12) -> 14
A13: 1.0 | B13: in_bus2_dpos_wj | C13: =IF(B13="","",IF(C13<>"",C13,NOW())) -> 0 | D13: 苗文彬 | E13: 1½接线或双母接线母线2开关双位置接点 | F13: Double switch position bus2 | G13: 母线2开关双位置 | H13: =LEN(G13) -> 8 | I13: DblPos_Sw_Bus2 | J13: =LEN(I13) -> 14
A14: 1.0 | B14: in_middle_dpos_wj | C14: =IF(B14="","",IF(C14<>"",C14,NOW())) -> 0 | D14: 苗文彬 | E14: 1½接线中开关双位置接点 | F14: Double switch position of tie-CB | G14: 中开关双位置 | H14: =LEN(G14) -> 9 | I14: DblPos_TieCB | J14: =LEN(I14) -> 12
A16: 1.0 | B16: bfi_trip3 | C16: =IF(B16="","",IF(C16<>"",C16,NOW())) -> 0 | D16: 刘龙 | E16: 跳闸模块来的内部启动失灵信号 | F16: Initiate BFP (breaker failure protection) from internal relay protection for 3 phases | G16: 内部三相启失灵开入 | H16: =LEN(G16) -> 9 | I16: IntInit_BF_3Ph | J16: =LEN(I16) -> 14
A17: 1.0 | B17: bfi_tripA | C17: 44630.607 | D17: 刘龙 | E17: 跳闸模块来的内部启动失灵信号 | F17: Initiate BFP (breaker failure protection) from internal relay protection for phase A | G17: 内部A相启失灵开入 | H17: 7 | I17: IntInit_BF_PhA | J17: =LEN(I17) -> 14
A18: 1.0 | B18: bfi_tripB | C18: 44630 | D18: 刘龙 | E18: 跳闸模块来的内部启动失灵信号 | F18: Initiate BFP (breaker failure protection) from internal relay protection for phase B | G18: 内部B相启失灵开入 | H18: 7 | I18: IntInit_BF_PhB | J18: =LEN(I18) -> 14
A19: 1.0 | B19: bfi_tripC | C19: 44630.607 | D19: 刘龙 | E19: 跳闸模块来的内部启动失灵信号 | F19: Initiate BFP (breaker failure protection) from internal relay protection for phase C | G19: 内部C相启失灵开入 | H19: 7 | I19: IntInit_BF_PhC | J19: =LEN(I19) -> 14
A20: 1.0
A21: 1.0 | B21: bfi_tripp | C21: =IF(B21="","",IF(C21<>"",C21,NOW())) -> 0 | D21: 刘龙 | E21: 内部其他功能模块启动失灵开入，逻辑为分相或 | F21: BFP initiate input from Internal relay protection, any phase; Internally initiate BF (breaker failure protection) by any phase | G21: 内部启失灵开入 | H21: =LEN(G21) -> 7 | I21: IntInit_BF_Phx | J21: =LEN(I21) -> 14
A22: 1.0 | B22: in_live_ia | C22: =IF(B22="","",IF(C22<>"",C22,NOW())) -> 0 | D22: 李逸星 | E22: A相有流 (>0.04In)，当前用于失灵保护和开关位置模块 | F22: Phase A is on load (with current >0.04In) | G22: A相有流 | H22: =LEN(G22) -> 4 | I22: PhA_OnLoad | J22: =LEN(I22) -> 10
A23: 1.0 | B23: in_live_ib | C23: =IF(B23="","",IF(C23<>"",C23,NOW())) -> 0 | D23: 李逸星 | E23: B相有流(>0.04In)，当前用于失灵保护和开关位置模块 | F23: Phase B is on load (with current) | G23: B相有流 | H23: =LEN(G23) -> 4 | I23: PhB_OnLoad | J23: =LEN(I23) -> 10
A24: 1.0 | B24: in_live_ic | C24: =IF(B24="","",IF(C24<>"",C24,NOW())) -> 0 | D24: 李逸星 | E24: C相有流(>0.04In)，当前用于失灵保护和开关位置模块 | F24: Phase C is on load (with current) | G24: C相有流 | H24: =LEN(G24) -> 4 | I24: PhC_OnLoad | J24: =LEN(I24) -> 10
A25: 1.0 | B25: in_i3p_live_or | C25: =IF(B25="","",IF(C25<>"",C25,NOW())) -> 0 | D25: 李逸星 | E25: 三相电流任一相有流(>0.04In) | F25: Any phase is on load(>0.04In) | G25: 任意一相有流 | H25: =LEN(G25) -> 6 | I25: Phx_OnLoad | J25: =LEN(I25) -> 10
A26: 1.0 | B26: in_i3p_dead_and | C26: =IF(B26="","",IF(C26<>"",C26,NOW())) -> 0 | D26: 冯志翔 | E26: 三相电流均无流,来自电流模块，当前加速保护用 | F26: no current flows on the 3 phases | G26: 三相电流均无流 | H26: =LEN(G26) -> 7 | I26: 3Ph_NoFlow | J26: =LEN(I26) -> 10
A27: 1.0 | B27: in_dead_ia | C27: =IF(B27="","",IF(C27<>"",C27,NOW())) -> 0 | D27: 冯志翔 | E27: A相无流，来自电流模块，当前用于重合闸保护 | F27: Phase A is with no flow | G27: A相无流 | H27: =LEN(G27) -> 4 | I27: PhA_NoFlow | J27: =LEN(I27) -> 10
A28: 1.0 | B28: in_dead_ib | C28: =IF(B28="","",IF(C28<>"",C28,NOW())) -> 0 | D28: 冯志翔 | E28: B相无流，来自电流模块，当前用于重合闸保护 | F28: Phase B is with no flow | G28: B相无流 | H28: =LEN(G28) -> 4 | I28: PhB_NoFlow | J28: =LEN(I28) -> 10
A29: 1.0 | B29: in_dead_ic | C29: =IF(B29="","",IF(C29<>"",C29,NOW())) -> 0 | D29: 冯志翔 | E29: C相无流，来自电流模块，当前用于重合闸保护 | F29: Phase C is with no flow | G29: C相无流 | H29: =LEN(G29) -> 4 | I29: PhC_NoFlow | J29: =LEN(I29) -> 10
A32: 1.0 | B32: in_fwd_dir | D32: 薛宇 | E32: 正方向信号输入，来自方向元件，当前过流保护用 | F32: in forward direction | G32: 正方向信号输入 | I32: In_FwdDir | J32: =LEN(I32) -> 9
A33: 1.0 | B33: in_rvs_dir | D33: 薛宇 | E33: 反方向信号输入，来自方向元件，当前过流保护用 | F33: in reverse direction | G33: 反方向信号输入 | I33: In_RevDir | J33: =LEN(I33) -> 9
A34: 1.0 | B34: in_fwd_dir_a | D34: 薛宇 | E34: A相正方向信号输入，来自方向元件，当前过流保护和加速保护用 | F34: phase A is in forward direction | G34: A相正方向信号输入 | I34: In_FwdDir_PhA | J34: =LEN(I34) -> 13
A35: 1.0 | B35: in_rvs_dir_a | D35: 薛宇 | E35: A相反方向信号输入，来自方向元件，当前过流保护和加速保护用 | F35: phase A is in reverse direction | G35: A相反方向信号输入 | I35: In_RevDir_PhA | J35: =LEN(I35) -> 13
A36: 1.0 | B36: in_vt_en | D36: 薛宇 | F36: local VT is on（in use ） | G36: 本侧VT投入 | I36: LocalVT_On | J36: =LEN(I36) -> 10
A37: 1.0
A38: 1.0
A39: 1.0 | B39: in_1p_mod_valid | C39: 44638.574 | D39: 余培懿 | E39: 单相重合闸模式有效 | F39: 1-pole reclosing mode valid | G39: 单重模式有效 | H39: 6 | I39: 1PoleMode_Valid | J39: =LEN(I39) -> 15
A40: 1.0 | B40: in_50pd_init | C40: 44675 | D40: 余培懿 | E40: 非全相开入标志，是位置和外部开入合成的信号 | F40: Initiate PD | G40: 非全相启动标志 | H40: 7 | I40: Initiate_50PD | J40: =LEN(I40) -> 14
A41: 1.0 | B41: fail_phs_a | D41: 孙启锐 | E41: TripBay选相元件的输出 | F41: Phase A failed | G41: 故障选A相 | H41: =LEN(G41) -> 5 | I41: PhA_Failed | J41: =LEN(I41) -> 10
A42: 1.0 | B42: fail_phs_b | D42: 孙启锐 | E42: TripBay选相元件的输出 | F42: Phase B failed | G42: 故障选B相 | H42: =LEN(G42) -> 5 | I42: PhB_Failed | J42: =LEN(I42) -> 10
A43: 1.0 | B43: fail_phs_c | D43: 孙启锐 | E43: TripBay选相元件的输出 | F43: Phase C failed | G43: 故障选C相 | H43: =LEN(G43) -> 5 | I43: PhC_Failed | J43: =LEN(I43) -> 10
A44: 1.0 | B44: 3trp_met | D44: 孙启锐 | E44: 三跳条件输入 | F44: 3 phase trip condition is met | G44: 三跳条件满足 | H44: =LEN(G44) -> 6 | I44: 3TripCondition_Met | J44: =LEN(I44) -> 18
A45: 1.0 | B45: in_lock_ar | D45: 孙启锐 | E45: 闭重输入，各个动作元件输出的闭锁重合闸信号，输入到跳闸模块 | F45: Block automatic reclosing | G45: 闭锁重合闸输入 | H45: =LEN(G45) -> 7 | I45: Block_AR | J45: =LEN(I45) -> 8
A47: 1.0 | B47: flg_smpl_v_invalid | C47: =IF(B47="","",IF(C47<>"",C47,NOW())) -> 0 | D47: 薛宇 | E47: 电压采样异常，来自电压公共模块，三相电压采样数据有效取反 | F47: voltage sampling value is abnormal | G47: 电压采样异常 | H47: =LEN(G47) -> 6 | I47: VoltQuality_Abnor | J47: =LEN(I47) -> 17
A48: 1.0 | B48: flg_smpl_i_invalid | C48: =IF(B48="","",IF(C48<>"",C48,NOW())) -> 0 | D48: 薛宇 | E48: 电流采样异常，来自电流公共模块，三相电流采样数据有效取反 | F48: current sampling value is abnormal | G48: 电流采样异常 | H48: =LEN(G48) -> 6 | I48: CurrQuality_Abnor | J48: =LEN(I48) -> 17
A49: 1.0 | B49: flg_smpl_invalid | C49: =IF(B49="","",IF(C49<>"",C49,NOW())) -> 0 | D49: 马国威 | E49: 采样异常，是虚构量，电压采样异常和电流采样异常的统称 | F49: sampling value is abnormal | G49: 采样异常 | H49: =LEN(G49) -> 4 | I49: Quality_Abnor | J49: =LEN(I49) -> 13
A50: 1.0 | B50: in_bf_bi_abnorm | D50: 刘龙 | E50: 失灵开入品质异常，自产信号，智能站传过来会带品质 | F50: breaker-failure external binary initiatiion quality is abnormal | G50: 失灵开入品质异常 | I50: BF_ExtInitQuality_Abnor | J50: =LEN(I50) -> 23
A51: 1.0 | B51: in_device_bs | C51: =IF(B51="","",IF(C51<>"",C51,NOW())) -> 0 | D51: 苗文彬 | F51: failure of device； device failed | G51: 装置闭锁 | H51: =LEN(G51) -> 4 | I51: Device_Failed | J51: =LEN(I51) -> 13
C52: =IF(B52="","",IF(C52<>"",C52,NOW()))
A53: 1.0 | B53: in_diff_blk | C53: =IF(B53="","",IF(C53<>"",C53,NOW())) -> 0 | D53: 薛宇 | E53: 差流闭锁信号开入 | F53: input of differential current blocking signal | G53: 差流CT报警 | H53: =LEN(G53) -> 6 | I53: Alm_Idiff | J53: =LEN(I53) -> 9
A54: 1.0 | B54: in_ct_alm | C54: 44663.694 | D54: 冯志翔 | E54: CT断线告警,来自CT监视模块，用于加速保护 | F54: CT disconnection alarm；Alarm of CT failure | G54: CT断线告警 | H54: 6 | I54: Alm_Fail_CT | J54: =LEN(I54) -> 11
A55: 1.0 | B55: in_vt_alm | C55: =IF(B55="","",IF(C55<>"",C55,NOW())) -> 0 | D55: 冯志翔 | E55: VT断线告警,来自VT监视模块，用于过流复压控制和方向元件 | F55: VT disconnection alarm；Alarm of VT failure | G55: VT断线告警 | H55: =LEN(G55) -> 6 | I55: Alm_Fail_VT | J55: =LEN(I55) -> 11
C56: =IF(B56="","",IF(C56<>"",C56,NOW()))
A57: 1.0 | B57: in_s3p | C57: =IF(B57="","",IF(C57<>"",C57,NOW())) -> 0 | D57: 赵琦 | F57: Input information group of power module | G57: 功率模块结构体输入 | H57: =LEN(G57) -> 9 | I57: In_InfoGrp_Pwr | J57: =LEN(I57) -> 14
J58: =LEN(I58) -> 0
A59: 构造的内部输入信号 | J59: =LEN(I59) -> 0
A60: 1.0 | B60: dir_met | D60: 翻译 | F60: determined direction | G60: 方向条件满足 | I60: DirCriterion_Met | J60: =LEN(I60) -> 16
A64: =IF(B3="","",IF(A64<>"",A64,#REF!))
A65: =IF(B52="","",IF(A65<>"",A65,#REF!))
A66: =IF(B56="","",IF(A66<>"",A66,#REF!))
A165: =IF(B165="","",IF(A165<>"",A165,#REF!)) | C165: =IF(B165="","",IF(C165<>"",C165,NOW()))
A166: =IF(B166="","",IF(A166<>"",A166,#REF!)) | C166: =IF(B166="","",IF(C166<>"",C166,NOW()))
A167: =IF(B167="","",IF(A167<>"",A167,#REF!)) | C167: =IF(B167="","",IF(C167<>"",C167,NOW()))
A168: =IF(B168="","",IF(A168<>"",A168,#REF!)) | C168: =IF(B168="","",IF(C168<>"",C168,NOW()))
A169: =IF(B169="","",IF(A169<>"",A169,#REF!)) | C169: =IF(B169="","",IF(C169<>"",C169,NOW()))
A170: =IF(B170="","",IF(A170<>"",A170,#REF!)) | C170: =IF(B170="","",IF(C170<>"",C170,NOW()))
A171: =IF(B171="","",IF(A171<>"",A171,#REF!)) | C171: =IF(B171="","",IF(C171<>"",C171,NOW()))
A172: =IF(B172="","",IF(A172<>"",A172,#REF!)) | C172: =IF(B172="","",IF(C172<>"",C172,NOW()))
A173: =IF(B173="","",IF(A173<>"",A173,#REF!)) | C173: =IF(B173="","",IF(C173<>"",C173,NOW()))
A174: =IF(B174="","",IF(A174<>"",A174,#REF!)) | C174: =IF(B174="","",IF(C174<>"",C174,NOW()))
A175: =IF(B175="","",IF(A175<>"",A175,#REF!)) | C175: =IF(B175="","",IF(C175<>"",C175,NOW()))
A176: =IF(B176="","",IF(A176<>"",A176,#REF!)) | C176: =IF(B176="","",IF(C176<>"",C176,NOW()))
... A1015: =IF(B1015="","",IF(A1015<>"",A1015,#REF!)) | C1015: =IF(B1015="","",IF(C1015<>"",C1015,NOW()))
C1016: =IF(B1016="","",IF(C1016<>"",C1016,NOW()))

Sheet 外部输出信号 (中26，外22)
A1: 版本 | B1: Abbr | C1: 创建日期 | D1: 创建人 | E1: 术语中文释义 | F1: 术语英文释义 | G1: 中文术语 | I1: 英文术语 | K1: 西文术语 | M1: 俄文术语
G2: 术语 | H2: 字符数 | I2: 术语 | J2: 字符数 | K2: 术语 | L2: 字符数 | M2: 术语 | N2: 字符数
A3: 自检信息
A4: 1.0 | B4: flg_set_err | C4: 44688.789 | D4: 赵琦 | F4: parameter setting is error | G4: 参数设置错误 | H4: 6 | I4: Setting_Err | J4: =LEN(I4) -> 11
A5: 1.0 | B5: ct_alm | C5: 44663.694 | D5: 薛宇 | F5: CT disconnection alarm；Alarm of CT failure | G5: CT断线告警 | H5: 6 | I5: Alm_Fail_CT | J5: 0
A6: 1.0 | B6: vt_alm | C6: =IF(B6="","",IF(C6<>"",C6,NOW())) -> 0 | D6: 薛宇 | F6: VT disconnection alarm；Alarm of VT failure | G6: VT断线告警 | H6: =LEN(G6) -> 6 | I6: Alm_Fail_VT | J6: =LEN(I6) -> 11
A7: 1.0 | B7: vt_inst_alm | C7: =IF(B7="","",IF(C7<>"",C7,NOW())) -> 0 | D7: 薛宇 | F7: VT disconnection instant alarm; Instantaneous Alarm of VT failure | G7: VT断线瞬时告警 | H7: =LEN(G7) -> 8 | I7: InstantAlm_Fail_VT | J7: =LEN(I7) -> 18
A8: 1.0 | B8: cb_pd | C8: 44675 | D8: 李逸星 | F8: The synthetic status of pole discrepancy (PD) | G8: 非全相合成标志 | H8: =LEN(G8) -> 7 | I8: SyntheticStatus_PD | J8: =LEN(I8) -> 18
A9: 1.0 | B9: cb_pd_st | C9: 44675 | D9: 李逸星 | F9: Initiate the pole discrepancy(PD) function. | G9: 非全相启动标志 | H9: =LEN(G9) -> 7 | I9: Initiate_50PD | J9: =LEN(I9) -> 13
A10: 1.0 | B10: cb_52a52b_alm | C10: 44675 | D10: 李逸星 | F10: The contact 52a and 52b of circuit breaker is abnormal | G10: 开关触点异常告警 | H10: =LEN(G10) -> 8 | I10: 52a/52b_Abnor | J10: =LEN(I10) -> 13
A11: 1.0 | B11: cb_52b_alm | C11: 44675 | D11: 李逸星 | F11: circuit breaker open state is abnormal | G11: 开关跳位异常告警 | H11: =LEN(G11) -> 8 | I11: OpenState_Abnor_CB | J11: =LEN(I11) -> 18
A12: 1.0 | B12: cb_pd_alm | C12: 44675 | D12: 李逸星 | F12: Alarm of pole discrepancy (PD) by CB position | G12: 开关非全相告警 | H12: =LEN(G12) -> 7 | I12: Alm_PD | J12: =LEN(I12) -> 6
A13: 1.0 | B13: flg_refv_abn | C13: 44658.853 | D13: 苗文彬 | F13: Uref is abnormal | G13: 参考电压异常 | H13: =LEN(G13) -> 6 | I13: RefVolt_Abnor | J13: =LEN(I13) -> 13
A14: 1.0 | B14: flg_synv_abn | C14: 44658.853 | D14: 苗文彬 | F14: Usyn is abnormal | G14: 同期电压异常 | H14: =LEN(G14) -> 6 | I14: SynVolt_Abnor | J14: =LEN(I14) -> 13
A15: 1.0 | B15: flg_volsw_invalid | C15: 44658.853 | D15: 苗文彬 | F15: Voltage selection is invalid | G15: 电压切换无效 | H15: =LEN(G15) -> 6 | I15: VoltSel_Invalid | J15: =LEN(I15) -> 15
A16: 1.0 | B16: alm_init_pd | D16: 余培懿 | E16: 非全相开入有效状态持续一定延时时间后报长期启动告警 | F16: Alarm of PD protection long-term initiation | G16: 非全相长期启动告警 | H16: =LEN(G16) -> 9 | I16: PD_Init_Abnor | J16: =LEN(I16) -> 13
A17: 1.0 | B17: sw_89a89b_alm | C17: 44688.789 | D17: 刘龙 | F17: alarm：auxiliary contact 89a/89b is abnormal | G17: 刀闸触点异常告警 | H17: =LEN(G17) -> 8 | I17: 89a/89b_Abnor | J17: =LEN(I17) -> 13
A18: 1.0 | B18: sw_89b_alm | C18: 44688.789 | D18: 刘龙 | F18: alarm: DS(disconnector switch) auxiliary opening position (89b) is abnormal | G18: 刀闸分位异常告警 | H18: =LEN(G18) -> 8 | I18: DS_OpenState_Abnor | J18: =LEN(I18) -> 18
A19: 1.0 | B19: sw_no_chg_alarm | C19: 44688.789 | D19: 刘龙 | F19: alarm：DS(disconnector switch) position is unconfirmed | G19: 刀闸位置长期未更新告警 | H19: =LEN(G19) -> 11 | I19: DS_Pos_NotConfirmed | J19: =LEN(I19) -> 19
A20: 1.0 | B20: flg_alm_ad_chk_err | C20: =IF(B20="","",IF(C20<>"",C20,NOW())) -> 0 | D20: 孙启锐 | E20: 双采样通道校验出错 | F20: Error of dual-channel data | G20: 双采样通道校验出错 | H20: =LEN(G20) -> 9 | I20: Data_Err_DualCh | J20: =LEN(I20) -> 15
A21: 1.0 | B21: flg_alm_ad_off_err | C21: =IF(B21="","",IF(C21<>"",C21,NOW())) -> 0 | D21: 孙启锐 | F21: alarm of DC bias check | G21: 直流偏置校验异常 | H21: =LEN(G21) -> 8 | I21: Alm_BiasChk_DC | J21: =LEN(I21) -> 14
A22: 1.0 | B22: flg_relay_bsj | C22: =IF(B22="","",IF(C22<>"",C22,NOW())) -> 0 | D22: 薛宇 | F22: failure of device | G22: 装置闭锁 | H22: =LEN(G22) -> 4 | I22: Device_Failed | J22: =LEN(I22) -> 13
A23: 1.0 | B23: flg_bfi_al | C23: 44688.789 | D23: 刘龙 | F23: Alarm of BF(breaker failure) protection external long-term initiation | G23: 外部启失灵开入异常 | H23: =LEN(G23) -> 9 | I23: BF_ExtInit_Abnor | J23: =LEN(I23) -> 16
A24: 1.0 | B24: flg_bfi_ph3_alm | C24: 45656.789 | D24: 冯志翔 | F24: BF external binary initiation of 3phase is abnormal | G24: 三相启失灵开入异常 | H24: =LEN(G24) -> 9 | I24: BF_3PhExtInit_Abnor | J24: =LEN(I24) -> 19
A25: 1.0 | B25: flg_bfi_cont_alm | C25: 45656.789 | D25: 冯志翔 | F25: BF external binary initiation by position is abnormal | G25: （判位置）启失灵开入异常 | H25: =LEN(G25) -> 12 | I25: BF_PosInit_Abnor | J25: =LEN(I25) -> 16
A27: =IF(B27="","",IF(A27<>"",A27,#REF!)) | C27: =IF(B27="","",IF(C27<>"",C27,NOW()))
A28: 变位信息
A29: 1.0 | B29: func_on | C29: 44688.789 | D29: 赵琦 | F29: function of module is enabled | G29: 模块功能投入 | H29: =LEN(G29) -> 6 | I29: FN_On | J29: =LEN(I29) -> 5
A30: 1.0 | B30: func_valid | C30: 44688.789 | D30: 赵琦 | F30: function of module is vaild | G30: 模块功能有效 | H30: =LEN(G30) -> 6 | I30: FN_Valid | J30: =LEN(I30) -> 8
A31: 1.0 | B31: func_blk | C31: 44688.789 | D31: 赵琦 | F31: function of module is blocked | G31: 模块功能闭锁 | H31: =LEN(G31) -> 6 | I31: FN_Blkd | J31: =LEN(I31) -> 7
A32: 1.0 | B32: mod_sta | C32: =IF(B32="","",IF(C32<>"",C32,NOW())) -> 0 | D32: 薛宇 | E32: 模块状态 | F32: module status | G32: 模块状态 | H32: =LEN(G32) -> 4 | I32: ModuleState | J32: =LEN(I32) -> 11 | L32: =LEN(K32) -> 0 | N32: =LEN(M32) -> 0
A33: 1.0 | B33: overhaul | C33: 44640 | D33: 赵琦 | F33: overhaul state:in maintenance | G33: 检修状态 | H33: 4 | I33: In_Maintenance | J33: =LEN(I33) -> 14
A34: 1.0 | B34: flg_u_line1_valid | C34: 44691 | D34: 苗文彬 | E34: 选择线路1电压 | F34: voltage of line1 is valid | G34: UL1有效 | H34: =LEN(G34) -> 5 | I34: Volt_Valid_Line1 | J34: =LEN(I34) -> 16
A35: 1.0 | B35: flg_u_bus1_valid | C35: 44691 | D35: 苗文彬 | E35: 选择母线1电压 | F35: voltage of bus1 is valid | G35: UB1有效 | H35: =LEN(G35) -> 5 | I35: Volt_Valid_Bus1 | J35: =LEN(I35) -> 15
A36: 1.0 | B36: flg_u_line2_valid | C36: 44691 | D36: 苗文彬 | E36: 选择线路2电压 | F36: voltage of line2 is valid | G36: UL2有效 | H36: =LEN(G36) -> 5 | I36: Volt_Valid_Line2 | J36: =LEN(I36) -> 16 | L36: =LEN(K36) -> 0
A37: 1.0 | B37: flg_u_bus2_valid | C37: 44691 | D37: 苗文彬 | E37: 选择母线2电压 | F37: voltage of bus2 is valid | G37: UB2有效 | H37: =LEN(G37) -> 5 | I37: Volt_Valid_Bus2 | J37: =LEN(I37) -> 15 | L37: =LEN(K37) -> 0
A38: 1.0 | B38: flg_u_ref_valid | C38: 44691 | D38: 苗文彬 | E38: 参考侧电压有效 | F38: reference voltage is valid | G38: 参考电压有效 | H38: =LEN(G38) -> 6 | I38: RefVolt_Valid | J38: =LEN(I38) -> 13 | L38: =LEN(K38) -> 0
A39: 1.0 | B39: flg_u_syn_valid | C39: 44691 | D39: 苗文彬 | E39: 同期侧电压有效 | F39: synchronization voltage is valid | G39: 同期电压有效 | H39: =LEN(G39) -> 6 | I39: SynVolt_Valid | J39: =LEN(I39) -> 13 | L39: =LEN(K39) -> 0
A40: 1.0 | B40: flg_syn_ar | C40: 44691 | D40: 苗文彬 | F40: Synchronization check of AR is meet(OK) | G40: 重合同步检测满足 | H40: =LEN(G40) -> 8 | I40: AR_SynChk_OK | J40: =LEN(I40) -> 12 | L40: =LEN(K40) -> 0
A41: 1.0 | B41: flg_syn_sh | C41: 44691 | D41: 苗文彬 | F41: Synchronization check of MC is meet(OK) | G41: 手合同步检测满足 | H41: =LEN(G41) -> 8 | I41: MC_SynChk_OK | J41: =LEN(I41) -> 12
A42: 1.0 | B42: flg_syn_valid_ar | D42: 冯志翔 | F42: AR(automatc reclosing) mode of synchro-check is valid | G42: 重合检同期有效 | H42: =LEN(G42) -> 7 | I42: AR_SynChk_Valid | J42: =LEN(I42) -> 15
A43: 1.0 | B43: flg_refvl_synvh_valid_ar | D43: 冯志翔 | F43: AR(automatc reclosing) mode is valid for refence voltage dead, synchro-voltage live | G43: 重合检参考无压同期有压有效 | H43: =LEN(G43) -> 13 | I43: AR_RefDd_SynLv_Valid | J43: =LEN(I43) -> 20
A44: 1.0 | B44: flg_refvh_synvl_valid_ar | D44: 冯志翔 | F44: AR(automatc reclosing) mode is valid for refence voltage live , synchro-voltage dead | G44: 重合检参考有压同期无压有效 | H44: =LEN(G44) -> 13 | I44: AR_RefLv_SynDd_Valid | J44: =LEN(I44) -> 20
A45: 1.0 | B45: flg_refvl_synvl_valid_ar | D45: 冯志翔 | F45: AR(automatc reclosing) mode is valid for refence voltage dead , synchro-voltage dead | G45: 重合检参考无压同期无压有效 | H45: =LEN(G45) -> 13 | I45: AR_RefDd_SynDd_Valid | J45: =LEN(I45) -> 20
A46: 1.0 | B46: flg_nochk_valid_ar | D46: 冯志翔 | F46: AR(automatc reclosing) mode of no check is valid | G46: 重合不检有效 | H46: =LEN(G46) -> 6 | I46: AR_NoChk_Valid | J46: =LEN(I46) -> 14
A47: 1.0 | B47: flg_syn_valid_sh | D47: 冯志翔 | F47: MC(manual closing) mode of synchro-check is valid | G47: 手合检同期有效 | H47: =LEN(G47) -> 7 | I47: MC_SynChk_Valid | J47: =LEN(I47) -> 15
A48: 1.0 | B48: flg_refvl_synvh_valid_sh | D48: 冯志翔 | F48: MC(manual closing) mode is valid for refence voltage dead, synchro-voltage live | G48: 手合检参考无压同期有压有效 | H48: =LEN(G48) -> 13 | I48: MC_RefDd_SynLv_Valid | J48: =LEN(I48) -> 20
A49: 1.0 | B49: flg_refvh_synvl_valid_sh | D49: 冯志翔 | F49: MC(manual closing) mode is valid for refence voltage live , synchro-voltage dead | G49: 手合检参考有压同期无压有效 | H49: =LEN(G49) -> 13 | I49: MC_RefLv_SynDd_Valid | J49: =LEN(I49) -> 20
A50: 1.0 | B50: flg_refvl_synvl_valid_sh | D50: 冯志翔 | F50: MC(manual closing) mode is valid for refence voltage dead , synchro-voltage dead | G50: 手合检参考无压同期无压有效 | H50: =LEN(G50) -> 13 | I50: MC_RefDd_SynDd_Valid | J50: =LEN(I50) -> 20
A51: 1.0 | B51: flg_nochk_valid_sh | D51: 冯志翔 | F51: MC(manual closing) mode of no check is valid | G51: 手合不检有效 | H51: =LEN(G51) -> 6 | I51: MC_NoChk_Valid | J51: =LEN(I51) -> 14
A52: 1.0 | B52: flg_v_inscope | D52: 冯志翔 | F52: voltage is in range | G52: 电压在范围内 | H52: =LEN(G52) -> 6 | I52: Volt_WithinLimit | J52: =LEN(I52) -> 16
A53: 1.0 | B53: flg_f_inscope | D53: 冯志翔 | F53: AR(automatc reclosing) mode: Refence voltage dead, synchro-voltage dead | G53: 频率在范围内 | H53: =LEN(G53) -> 6 | I53: Freq_WithinLimit | J53: =LEN(I53) -> 16
A54: 1.0 | B54: flg_set_chg | C54: 45700 | D54: 马国威 | F54: setting is modified | G54: 定值修改 | H54: =LEN(G54) -> 4 | I54: Setting_Modified | J54: =LEN(I54) -> 16
A55: 1.0 | B55: flg_3i0_range | D55: 冯志翔 | F55: zero sequence current is out of range | G55: 零序电流越限 | H55: =LEN(G55) -> 6 | I55: 3I0_OutOfRange | J55: =LEN(I55) -> 14
A57: 1.0 | B57: valid_bi_pd | C57: 44691 | D57: 余培懿 | E57: 非全相开入标志满足延时闭锁条件后置有效 | F57: Initiation is valid | G57: 非全相开入有效 | H57: =LEN(G57) -> 7 | I57: PD_Init_Valid | J57: =LEN(I57) -> 13
A58: 1.0 | B58: cb_opn | C58: 44675 | D58: 李逸星 | F58: The circuit breaker is open (without flow) | G58: 开关跳位无流 | H58: =LEN(G58) -> 6 | I58: CB_Open_NoFlow | J58: =LEN(I58) -> 14
A59: 1.0 | B59: cb_pha_opn | C59: 44675 | D59: 李逸星 | F59: The circuit breaker is open (without flow) :pole A | G59: 开关A相跳位无流 | H59: =LEN(G59) -> 8 | I59: CB_Open_NoFlow_PoleA | J59: =LEN(I59) -> 20
A60: 1.0 | B60: cb_phb_opn | C60: 44675 | D60: 李逸星 | F60: The circuit breaker is open (without flow) :pole B | G60: 开关B相跳位无流 | H60: =LEN(G60) -> 8 | I60: CB_Open_NoFlow_PoleB | J60: =LEN(I60) -> 20
A61: 1.0 | B61: cb_phc_opn | C61: 44675 | D61: 李逸星 | F61: The circuit breaker is open (without flow) :pole C | G61: 开关C相跳位无流 | H61: =LEN(G61) -> 8 | I61: CB_Open_NoFlow_PoleC | J61: =LEN(I61) -> 20
A62: 1.0 | B62: cb_dpos | C62: 45259 | D62: 李逸星 | F62: double position of circuit breaker | G62: 开关双位置 | H62: =LEN(G62) -> 5 | I62: DblPos_CB | J62: =LEN(I62) -> 9 | L62: =LEN(K62) -> 0
A63: 1.0 | B63: cb_52a | C63: 44694 | D63: 李逸星 | F63: circuit breaker is closed | G63: 开关合位 | H63: =LEN(G63) -> 4 | I63: CB_Clsd | J63: =LEN(I63) -> 7
A64: 1.0 | B64: cb_52b | C64: 44694 | D64: 李逸星 | F64: circuit breaker is open | G64: 开关分位 | H64: =LEN(G64) -> 4 | I64: CB_Open | J64: =LEN(I64) -> 7
A65: 1.0 | B65: cb_pha_52a | C65: 44694 | D65: 李逸星 | F65: circuit breaker pole A is closed | G65: 开关A相合位 | H65: =LEN(G65) -> 6 | I65: PoleA_Clsd | J65: =LEN(I65) -> 10
A66: 1.0 | B66: cb_pha_52b | C66: 44694 | D66: 李逸星 | F66: circuit breaker pole A is open | G66: 开关A相分位 | H66: =LEN(G66) -> 6 | I66: PoleA_Open | J66: =LEN(I66) -> 10
A67: 1.0 | B67: cb_phb_52a | C67: 44694 | D67: 李逸星 | F67: circuit breaker pole B is closed | G67: 开关B相合位 | H67: =LEN(G67) -> 6 | I67: PoleB_Clsd | J67: =LEN(I67) -> 10
A68: 1.0 | B68: cb_phb_52b | C68: 44694 | D68: 李逸星 | F68: circuit breaker pole B is open | G68: 开关B相分位 | H68: =LEN(G68) -> 6 | I68: PoleB_Open | J68: =LEN(I68) -> 10
A69: 1.0 | B69: cb_phc_52a | C69: 44694 | D69: 李逸星 | F69: circuit breaker pole C is closed | G69: 开关C相合位 | H69: =LEN(G69) -> 6 | I69: PoleC_Clsd | J69: =LEN(I69) -> 10
A70: 1.0 | B70: cb_phc_52b | C70: 44694 | D70: 李逸星 | F70: circuit breaker pole C is open | G70: 开关C相分位 | H70: =LEN(G70) -> 6 | I70: PoleC_Open | J70: =LEN(I70) -> 10
A71: 1.0 | B71: cb_lgp | C71: =IF(B71="","",IF(C71<>"",C71,NOW())) -> 0 | D71: 李逸星 | F71: circuit breaker gas pressure is low | G71: 开关气压低 | H71: =LEN(G71) -> 5 | I71: GasPress_Low | J71: =LEN(I71) -> 12
A72: 1.0 | B72: sw_89a | C72: 44682 | D72: 刘龙 | F72: 89a position of disconnector switch | G72: 刀闸位置 | H72: =LEN(G72) -> 4 | I72: 89a_DS | J72: =LEN(I72) -> 6 | L72: =LEN(K72) -> 0
A73: 1.0 | B73: bypass_sw_89a | C73: 44682 | D73: 刘龙 | F73: 89a position of bypass disconnector | G73: 旁路刀闸位置 | H73: =LEN(G73) -> 6 | I73: 89a_DS_Bypass | J73: =LEN(I73) -> 13 | L73: =LEN(K73) -> 0
A74: 1.0 | B74: bus1_sw_89a | C74: 44682 | D74: 刘龙 | F74: 89a position of bus1 switch | G74: 母线1刀闸位置 | H74: =LEN(G74) -> 7 | I74: 89a_Bus1 | J74: =LEN(I74) -> 8 | L74: =LEN(K74) -> 0
A75: 1.0 | B75: bus2_sw_89a | C75: 44682 | D75: 刘龙 | F75: 89a position of bus2 switch | G75: 母线2刀闸位置 | H75: =LEN(G75) -> 7 | I75: 89a_Bus2 | J75: =LEN(I75) -> 8 | L75: =LEN(K75) -> 0
A76: 1.0 | B76: sw_cls | C76: 44682 | D76: 刘龙 | F76: confirmed that switch is closed | G76: 刀闸确认位置 | H76: =LEN(G76) -> 6 | I76: ClsConfirmed_DS | J76: =LEN(I76) -> 15 | L76: =LEN(K76) -> 0
A77: 1.0 | B77: bypass_sw_cls | C77: 44682 | D77: 刘龙 | F77: confirmed that bypass switch is closed | G77: 旁路刀闸确认位置 | H77: =LEN(G77) -> 8 | I77: ClsConfirmed_DS_Bypass | J77: =LEN(I77) -> 22 | L77: =LEN(K77) -> 0
A78: 1.0 | B78: bus1_sw_cls | C78: 44682 | D78: 刘龙 | F78: confirmed that bus1 switch is closed | G78: 母线1刀闸确认位置 | H78: =LEN(G78) -> 9 | I78: ClsConfirmed_DS_Bus1 | J78: =LEN(I78) -> 20 | L78: =LEN(K78) -> 0
A79: 1.0 | B79: bus2_sw_cls | C79: 44682 | D79: 刘龙 | F79: confirmed that bus2 switch is closed | G79: 母线2刀闸确认位置 | H79: =LEN(G79) -> 9 | I79: ClsConfirmed_DS_Bus2 | J79: =LEN(I79) -> 20 | L79: =LEN(K79) -> 0
A80: 1.0 | B80: sw_dpos | C80: 45259 | D80: 刘龙 | F80: double position of disconnector switch | G80: 刀闸双位置 | H80: =LEN(G80) -> 5 | I80: DblPos_DS | J80: =LEN(I80) -> 9 | L80: =LEN(K80) -> 0
A81: 1.0 | B81: bypass_sw_dpos | C81: 45259 | D81: 刘龙 | F81: double position of bypass disconnector | G81: 旁路刀闸双位置 | H81: =LEN(G81) -> 7 | I81: DblPos_DS_Bypass | J81: =LEN(I81) -> 16 | L81: =LEN(K81) -> 0
A82: 1.0 | B82: bus1_sw_dpos | C82: 45259 | D82: 刘龙 | F82: double position of bus1 switch | G82: 母线1刀闸双位置 | H82: =LEN(G82) -> 8 | I82: DblPos_DS_Bus1 | J82: =LEN(I82) -> 14 | L82: =LEN(K82) -> 0
A83: 1.0 | B83: bus2_sw_dpos | C83: 45259 | D83: 刘龙 | F83: double position of bus2 switch | G83: 母线2刀闸双位置 | H83: =LEN(G83) -> 8 | I83: DblPos_DS_Bus2 | J83: =LEN(I83) -> 14 | L83: =LEN(K83) -> 0
... A86: 1.0 | B86: sw_sta_blk_fun | C86: 44682 | D86: 刘龙 | F86: switch's abnomal position block related function | G86: 闭锁刀闸相关保护标志 | H86: =LEN(G86) -> 10 | I86: AbnPos_Block_Prot | J86: =LEN(I86) -> 17 | L86: =LEN(K86) -> 0
A87: 1.0 | B87: sw_chg | C87: 45261 | D87: 刘龙 | F87: disconnector position changed | G87: 刀闸位置变化 | H87: =LEN(G87) -> 6 | I87: DS_Pos_Chgd | J87: =LEN(I87) -> 11
A88: 1.0 | B88: sw_upd | C88: 45261 | D88: 刘龙 | F88: disconnector position updated | G88: 刀闸位置确认更新 | H88: =LEN(G88) -> 8 | I88: DS_Pos_Updated | J88: =LEN(I88) -> 14
A89: 1.0 | B89: flg_bfi_ph3 | C89: 44682 | D89: 刘龙 | F89: BFP initiate state from external devices, three-phase | G89: 外部三相启失灵 | H89: =LEN(G89) -> 7 | I89: ExtInitiated_3Ph | J89: =LEN(I89) -> 16
A90: 1.0 | B90: flg_bfi_ph3_ch2 | C90: 44682 | D90: 刘龙 | F90: BFP initiate redundant state from external devices, three-phase | G90: 外部三相启失灵2 | H90: =LEN(G90) -> 8 | I90: ExtInitiated_3Ph_2 | J90: =LEN(I90) -> 19
A91: 1.0 | B91: flg_bfi_phA | C91: 44682 | D91: 刘龙 | F91: BFP initiate state from external devices, phaseA | G91: 外部A相启失灵 | H91: =LEN(G91) -> 7 | I91: ExtInitiated_PhA | J91: =LEN(I91) -> 16
A92: 1.0 | B92: flg_bfi_phB | C92: 44682 | D92: 刘龙 | F92: BFP initiate state from external devices, phaseB | G92: 外部B相启失灵 | H92: =LEN(G92) -> 7 | I92: ExtInitiated_PhB | J92: =LEN(I92) -> 16
A93: 1.0 | B93: flg_bfi_phC | C93: 44682 | D93: 刘龙 | F93: BFP initiate state from external devices, phaseC | G93: 外部C相启失灵 | H93: =LEN(G93) -> 7 | I93: ExtInitiated_PhC | J93: =LEN(I93) -> 16
A94: 1.0 | B94: flg_bfi_cont | C94: 44682 | D94: 刘龙 | F94: BFP initiate state from external devices, start contact and current criterion | G94: 外部（判位置）启失灵 | H94: =LEN(G94) -> 10 | I94: ExtInitiated_ByPos | J94: =LEN(I94) -> 18
B95: flg_bft_ph3 | D95: 冯志翔 | F95: BFP initiate state from devices internal signal, three-phase | G95: 内部三相启失灵 | H95: =LEN(G95) -> 7 | I95: IntInitiated_3Ph | J95: =LEN(I95) -> 16
A96: 1.0 | B96: flg_lock_ar | D96: 孙启锐 | F96: block autorecloser | G96: 闭锁重合闸 | H96: =LEN(G96) -> 5 | I96: Block_AR | J96: =LEN(I96) -> 8
A97: 1.0 | B97: flg_1p_mod_valid | C97: =IF(B97="","",IF(C97<>"",C97,NOW())) -> 0 | D97: 宋丹丹 | E97: 单相重合闸模式有效 | F97: 1-pole reclosing mode is valid | G97: 单重模式有效 | H97: =LEN(G97) -> 6 | I97: 1PoleMode_Valid | J97: =LEN(I97) -> 15
A98: 1.0 | B98: flg_3p_mod_valid | C98: =IF(B98="","",IF(C98<>"",C98,NOW())) -> 0 | D98: 宋丹丹 | E98: 三相重合闸模式有效 | F98: 3-pole reclosing mode is valid | G98: 三重模式有效 | H98: =LEN(G98) -> 6 | I98: 3PoleMode_Valid | J98: =LEN(I98) -> 15
A99: 1.0 | B99: flg_1p3p_mod_valid | C99: =IF(B99="","",IF(C99<>"",C99,NOW())) -> 0 | D99: 宋丹丹 | E99: 综合重合闸模式有效 | F99: 1/3-pole reclosing mode is valid | G99: 综重模式有效 | H99: =LEN(G99) -> 6 | I99: 1/3PoleMode_Valid | J99: =LEN(I99) -> 17
A101: 1.0 | B101: flg_prep_1p_trip | C101: 45474 | D101: 冯志翔 | E101: 允许单相跳闸信号 | F101: Permit 1-pole trip | G101: 允许单跳 | I101: Permit_1PoleTrip | J101: =LEN(I101) -> 16
A102: 1.0 | B102: flg_prep_3p_trip | C102: 45474 | D102: 冯志翔 | E102: 允许三相跳闸信号 | F102: Permit 3-pole trip | G102: 允许三相跳闸 | I102: Permit_3PoleTrip | J102: =LEN(I102) -> 16
A103: 1.0 | B103: flg_rec_status | C103: 45474 | D103: 冯志翔 | E103: 重合闸状态，0: 重合闸充电完成，1: 重合闸起动，2: 重合闸重合成功 | F103: Reclosure state | G103: 重合闸状态 | I103: ReclState | J103: =LEN(I103) -> 9
A104: 1.0 | B104: flg_rec_fail | C104: 45474 | D104: 冯志翔 | F104: reclosing failed | G104: 重合闸失败 | I104: Recl_Failed | J104: =LEN(I104) -> 11
A105: 1.0 | B105: flg_pfr | C105: 45474 | D105: 冯志翔 | E105: 重合于永久性故障 | F105: reclosed to permanent fault | G105: 重合于永久性故障 | I105: To_PermanentFault | J105: =LEN(I105) -> 17
...

Sheet 内部输出信号 (中26，外22) 
A1: 版本 | B1: Abbr | C1: 创建日期 | D1: 创建人 | E1: 术语中文释义 | F1: 术语英文释义 | G1: 中文术语 | I1: 英文术语 | K1: 西文术语 | M1: 俄文术语
G2: 术语 | H2: 字符数 | I2: 术语 | J2: 字符数 | K2: 术语 | L2: 字符数 | M2: 术语 | N2: 字符数
A3: 1.0 | J3: =LEN(I3) -> 0
A4: 1.0 | B4: flg_bf_cont_st | C4: 45259 | D4: 刘龙 | E4: 当前逻辑图都采用内部外部失灵启动，分开了，总述的词条暂时保留 | F4: Started by position criterion | G4: 失灵(判位置)启动 | I4: Initiated_ByPos | J4: =LEN(I4) -> 15
A5: 1.0 | B5: flg_bfA_cur_st | C5: 45259 | D5: 刘龙 | E5: 当前逻辑图都采用内部外部失灵启动，分开了，总述的词条暂时保留 | F5: Started by current criterion, phase A | G5: A相失灵启动 | I5: Initiated_PhA | J5: =LEN(I5) -> 13
A6: 1.0 | B6: flg_bfB_cur_st | C6: 45259 | D6: 刘龙 | E6: 当前逻辑图都采用内部外部失灵启动，分开了，总述的词条暂时保留 | F6: Started by current criterion, phase B | G6: B相失灵启动 | I6: Initiated_PhB | J6: =LEN(I6) -> 13
A7: 1.0 | B7: flg_bfC_cur_st | C7: 45259 | D7: 刘龙 | E7: 当前逻辑图都采用内部外部失灵启动，分开了，总述的词条暂时保留 | F7: Started by current criterion, phase C | G7: C相失灵启动 | I7: Initiated_PhC | J7: =LEN(I7) -> 13
A8: 1.0 | B8: flg_bf3_cur_st | C8: 45259 | D8: 刘龙 | E8: 当前逻辑图都采用内部外部失灵启动，分开了，总述的词条暂时保留 | F8: Started by current criterion, 3-phase | G8: 三相失灵启动 | I8: Initiated_3Ph | J8: =LEN(I8) -> 13
A9: 1.0 | B9: flag_bf_bus_vl | C9: =IF(B9="","",IF(C9<>"",C9,NOW())) -> 0 | D9: 刘龙 | F9: BFP voltage criterion action signal in;Release voltage control | G9: 失灵电压开放 | H9: =LEN(G9) -> 6 | I9: Release_VoltCtrl | J9: =LEN(I9) -> 16
A11: 1.0 | B11: flg_init_bfp | C11: 44664.672 | D11: 薛宇 | F11: starup breaker failure protection; Initiate BF (breaker failure protection） | G11: 启动失灵 | H11: =LEN(G11) -> 4 | I11: Initiate_BF | J11: =LEN(I11) -> 11
A12: 1.0
A13: 1.0
A14: 1.0 | B14: flg_rec_reclaim | C14: 45593 | D14: 冯志翔 | E14: 重合闸的输出信号: 重合闸复归 | F14: reclaim AR | G14: 重合闸复归 | H14: =LEN(G14) -> 5 | I14: Reclaim_AR | J14: =LEN(I14) -> 10
A15: 1.0 | B15: flag_last_rec_op | C15: 45593 | D15: 冯志翔 | E15: 重合闸的输出信号: 最后一次合闸已出口，该次重合闸脉冲后，复归前若再收到重合闸启动命令，则闭锁 | F15: reclosing pulse of last cycle has sent out | G15: 最后一次合闸已出口 | H15: =LEN(G15) -> 9 | I15: LastReclCmd_Out | J15: =LEN(I15) -> 15
A16: 1.0 | B16: flag_wait_str | C16: 45593 | D16: 冯志翔 | E16: 重合闸的输出信号: 重合闸启动处于等待状态 | F16: waiting for reclosure start | G16: 重合闸启动等待出口中 | H16: =LEN(G16) -> 10 | I16: Waiting_to_StartRecl | J16: =LEN(I16) -> 20
A17: 1.0 | B17: flag_1st_rec_op | C17: 45593 | D17: 冯志翔 | E17: 重合闸的输出信号: 第一次重合闸已经动作过了 | F17: AR has operated for 1st reclosing cycle | G17: 第一次重合闸已动作 | H17: =LEN(G17) -> 9 | I17: 1stReclCmd_Out | J17: =LEN(I17) -> 14
A18: 1.0 | B18: flg_trp_1pole | C18: 45593 | D18: 冯志翔 | E18: 重合闸的输出信号：单相跳闸。跳闸信号合成逻辑里的其他信号复用外部输入信号的名称。 | F18: trip 1 pole | G18: 单相跳闸 | H18: =LEN(G18) -> 4 | I18: Trip_1Pole | J18: =LEN(I18) -> 10
A19: 1.0 | B19: flag_permit_slave | C19: 45593 | D19: 冯志翔 | E19: 允许后合经延时后出口 | F19: permit slave | G19: 后合出口允许 | H19: =LEN(G19) -> 6 | I19: Permit_SlaveRecl | J19: =LEN(I19) -> 16
A20: 1.0 | B20: flag_permit_rec | C20: 45593 | D20: 冯志翔 | E20: 允许后合重合闸出口 | F20: permit reclosing | G20: 重合出口允许 | H20: =LEN(G20) -> 6 | I20: Permit_Recl | J20: =LEN(I20) -> 11
A21: 1.0 | B21: flg_1p_qd_trp | C21: 45593 | D21: 冯志翔 | E21: 跳闸信号启动单相重合闸 | F21: trip start 1pole reclosure | G21: 跳闸单重启动 | H21: =LEN(G21) -> 6 | I21: Trip_Start_1PoleRecl | J21: =LEN(I21) -> 20
A22: 1.0 | B22: flg_1p_qd_pos | C22: 45593 | D22: 冯志翔 | E22: 开关位置启动单相重合闸 | F22: CB position start 1pole reclosure | G22: 开关位置单重启动 | H22: =LEN(G22) -> 8 | I22: Pos_Start_1PoleRecl | J22: =LEN(I22) -> 19
A23: 1.0 | B23: flg_3p_qd_trp | C23: 45593 | D23: 冯志翔 | E23: 跳闸信号启动三相重合闸 | F23: trip start 3pole reclosure | G23: 跳闸三重启动 | H23: =LEN(G23) -> 6 | I23: Trip_Start_3PoleRecl | J23: =LEN(I23) -> 20
A24: 1.0 | B24: flg_3p_qd_pos | C24: 45593 | D24: 冯志翔 | E24: 开关位置启动三相重合闸 | F24: CB position start 3pole reclosure | G24: 开关位置三重启动 | H24: =LEN(G24) -> 8 | I24: Pos_Start_3PoleRecl | J24: =LEN(I24) -> 19
A25: 1.0 | B25: flg_1prec_ok | C25: 45593 | D25: 冯志翔 | F25: 1-pole reclosure is prepared | G25: 单重准备出口 | H25: =LEN(G25) -> 6 | I25: 1PoleRecl_Prepared | J25: =LEN(I25) -> 18
A26: 1.0 | B26: flg_3prec_ok | C26: 45593 | D26: 冯志翔 | F26: 3-pole reclosure is prepared | G26: 三重准备出口 | H26: =LEN(G26) -> 6 | I26: 3PoleRecl_Prepared | J26: =LEN(I26) -> 18
A27: 1.0 | B27: flag_ext_delay | C27: 45593 | D27: 冯志翔 | F27: With additional delay | G27: 重合闸额外延时 | H27: =LEN(G27) -> 7 | I27: With_AddDly | J27: =LEN(I27) -> 11
A28: 1.0 | B28: flag_1str_fail | C28: 45593 | D28: 冯志翔 | F28: 1pole reclosure start failed | G28: 单重启动失败 | H28: =LEN(G28) -> 6 | I28: 1PoleStart_Failed | J28: =LEN(I28) -> 17
A29: 1.0 | B29: flag_3str_fail | C29: 45593 | D29: 冯志翔 | F29: 3pole reclosure start failed | G29: 三重启动失败 | H29: =LEN(G29) -> 6 | I29: 3PoleStart_Failed | J29: =LEN(I29) -> 17
A30: 1.0 | B30: flag_ar_str_fail | C30: 45593 | D30: 冯志翔 | F30: reclosure start failed | G30: 重合闸启动失败 | H30: =LEN(G30) -> 7 | I30: ReclStart_Failed | J30: =LEN(I30) -> 16
A31: 1.0 | B31: flag_fail_pos | C31: 45593 | D31: 冯志翔 | F31: reclosure failed, judged by postion criterion | G31: 开关位置判重合失败 | H31: =LEN(G31) -> 10 | I31: Recl_Failed_ByPosChk | J31: =LEN(I31) -> 20
A34: 1.0 | B34: flg_u_kf | D34: 薛宇 | E34: 电压元件动作 | G34: 电压元件开放 | I34: VoltCtrl_Released | J34: =LEN(I34) -> 17
A35: 1.0 | B35: flg_harm_kf | D35: 薛宇 | E35: 谐波元件动作 | G35: 谐波元件开放 | I35: Hm2Ctrl_Released | J35: =LEN(I35) -> 16
A36: 1.0 | B36: flg_dir_kf | D36: 薛宇 | E36: 方向元件动作 | G36: 方向元件开放 | I36: DirCtrl_Released | J36: =LEN(I36) -> 16
A37: 1.0 | B37: flg_u_kf_a | D37: 薛宇 | E37: A相电压元件动作 | G37: A相电压元件开放 | I37: VoltCtrl_Released_PhA | J37: =LEN(I37) -> 21
A38: 1.0 | B38: flg_harm_kf_a | D38: 薛宇 | E38: A相谐波元件动作 | G38: A相谐波元件开放 | I38: Hm2Ctrl_Released_PhA | J38: =LEN(I38) -> 20
A39: 1.0 | B39: flg_dir_kf_a | D39: 薛宇 | E39: A相方向元件动作 | G39: A相方向元件开放 | I39: DirCtrl_Released_PhA | J39: =LEN(I39) -> 20
A40: 1.0 | B40: flg_oc_con | D40: 薛宇 | G40: 电流越限 | I40: Curr_OutOfRange | J40: =LEN(I40) -> 15
A41: 1.0 | B41: flg_oc_con_a | D41: 薛宇 | G41: A相电流越限 | I41: Curr_OutOfRange_PhA | J41: =LEN(I41) -> 19
A42: 1.0 | B42: flg_freq_con | D42: 冯志翔 | E42: 用于过频保护 | F42: frequency is out of range | G42: 频率越限 | I42: Freq_OutOfRange | J42: =LEN(I42) -> 15
A44: 1.0 | B44: flg_vol_on | D44: 曹优勒图 | F44: voltage is ever present | G44: 曾经有压 | I44: Volt_OnceLive | J44: =LEN(I44) -> 13
A46: 1.0 | B46: flg_v_dif | C46: 45656 | D46: 冯志翔 | G46: 压差满足 | I46: VoltDiff_Met | J46: =LEN(I46) -> 12
A47: 1.0 | B47: flg_chk_vl_ar | C47: 45656 | D47: 冯志翔 | G47: 重合无压满足 | I47: AR_DdVolt_Met | J47: =LEN(I47) -> 13
A48: 1.0 | B48: flg_angle_dif_ar | C48: 45656 | D48: 冯志翔 | G48: 重合相差满足 | I48: AR_AngDiff_Met | J48: =LEN(I48) -> 14
A49: 1.0 | B49: flg_f_dif_ar | C49: 45656 | D49: 冯志翔 | G49: 重合频差满足 | I49: AR_fDiff_Met | J49: =LEN(I49) -> 12
A50: 1.0 | B50: flg_chk_syn_ar | C50: 45656 | D50: 冯志翔 | G50: 重合检同期满足 | I50: AR_SynChk_Met | J50: =LEN(I50) -> 13
A51: 1.0 | B51: flg_dfdt_dif_ar | C51: 45656 | D51: 冯志翔 | G51: 重合频差变化量满足 | I51: AR_d(fDiff)/dt_Met | J51: =LEN(I51) -> 18
A52: 1.0 | B52: flg_refvl_synvl_ar | C52: 45656 | D52: 冯志翔 | G52: 重合参考无压同期无压满足 | I52: AR_RefDd_SynDd_Met | J52: =LEN(I52) -> 18
A53: 1.0 | B53: flg_refvl_synvh_ar | C53: 45656 | D53: 冯志翔 | G53: 重合参考无压同期有压满足 | I53: AR_RefDd_SynLv_Met | J53: =LEN(I53) -> 18
A54: 1.0 | B54: flg_refvh_synvl_ar | C54: 45656 | D54: 冯志翔 | G54: 重合参考有压同期无压满足 | I54: AR_RefLv_SynDd_Met | J54: =LEN(I54) -> 18
A55: 1.0 | B55: flg_chk_vl_sh | C55: 45656 | D55: 冯志翔 | G55: 手合无压满足 | I55: MC_DdVolt_Met | J55: =LEN(I55) -> 13
A56: 1.0 | B56: flg_angle_dif_sh | C56: 45656 | D56: 冯志翔 | G56: 手合相差满足 | I56: MC_AngDiff_Met | J56: =LEN(I56) -> 14
A57: 1.0 | B57: flg_f_dif_sh | C57: 45656 | D57: 冯志翔 | G57: 手合频差满足 | I57: MC_fDiff_Met | J57: =LEN(I57) -> 12
... A62: 1.0 | B62: flg_refvh_synvl_sh | C62: 45656 | D62: 冯志翔 | G62: 手合参考有压同期无压满足 | I62: MC_RefLv_SynDd_Met | J62: =LEN(I62) -> 18
A63: =IF(B63="","",IF(A63<>"",A63,#REF!)) | C63: =IF(B63="","",IF(C63<>"",C63,NOW()))
A64: =IF(B64="","",IF(A64<>"",A64,#REF!)) | C64: =IF(B64="","",IF(C64<>"",C64,NOW()))
A65: =IF(B65="","",IF(A65<>"",A65,#REF!)) | C65: =IF(B65="","",IF(C65<>"",C65,NOW()))
A66: =IF(B66="","",IF(A66<>"",A66,#REF!)) | C66: =IF(B66="","",IF(C66<>"",C66,NOW()))
A67: =IF(B67="","",IF(A67<>"",A67,#REF!)) | C67: =IF(B67="","",IF(C67<>"",C67,NOW()))
A68: =IF(B68="","",IF(A68<>"",A68,#REF!)) | C68: =IF(B68="","",IF(C68<>"",C68,NOW()))
A69: =IF(B69="","",IF(A69<>"",A69,#REF!)) | C69: =IF(B69="","",IF(C69<>"",C69,NOW()))
A70: =IF(B70="","",IF(A70<>"",A70,#REF!)) | C70: =IF(B70="","",IF(C70<>"",C70,NOW()))
A71: =IF(B71="","",IF(A71<>"",A71,#REF!)) | C71: =IF(B71="","",IF(C71<>"",C71,NOW()))
A72: =IF(B72="","",IF(A72<>"",A72,#REF!)) | C72: =IF(B72="","",IF(C72<>"",C72,NOW()))
A73: =IF(B73="","",IF(A73<>"",A73,#REF!)) | C73: =IF(B73="","",IF(C73<>"",C73,NOW()))
A74: =IF(B74="","",IF(A74<>"",A74,#REF!)) | C74: =IF(B74="","",IF(C74<>"",C74,NOW()))
... A1032: =IF(B1032="","",IF(A1032<>"",A1032,#REF!)) | C1032: =IF(B1032="","",IF(C1032<>"",C1032,NOW()))
C1033: =IF(B1033="","",IF(C1033<>"",C1033,NOW()))

Sheet AI(20）
A1: 版本 | B1: Abbr | C1: 创建日期 | D1: 创建人 | E1: 术语中文释义 | F1: 术语英文释义 | G1: 中文术语 | I1: 英文术语 | K1: 西文术语 | M1: 俄文术语
G2: 术语 | H2: 字符数 | I2: 术语 | J2: 字符数 | K2: 术语 | L2: 字符数 | M2: 术语 | N2: 字符数
A3: 外部电压
A4: 1.0 | B4: in_angle_u3p1 | C4: =IF(B4="","",IF(C4<>"",C4,NOW())) -> 0 | D4: 罗琴琴 | E4: 第一组三相电压输入 | F4: 3-phase voltage input of angle module | G4: 第一组三相电压输入 | H4: =LEN(G4) -> 9 | I4: U3ph_1 | J4: =LEN(I4) -> 6
A5: 1.0 | B5: in_angle_u1p1 | C5: =IF(B5="","",IF(C5<>"",C5,NOW())) -> 0 | D5: 罗琴琴 | E5: 第一组单相电压输入 | F5: single-phase voltage input of angle module | G5: 第一组单相电压输入 | H5: =LEN(G5) -> 9 | I5: U1ph_1 | J5: =LEN(I5) -> 6
A6: 1.0 | B6: in_ua | D6: 孙启锐 | E6: A相电压输入 | F6: voltage input of phase A | G6: A相电压输入 | H6: =LEN(G6) -> 6 | I6: UA | J6: =LEN(I6) -> 2
A7: 1.0 | B7: in_ub | D7: 孙启锐 | E7: B相电压输入 | F7: voltage input of phase B | G7: B相电压输入 | H7: =LEN(G7) -> 6 | I7: UB | J7: =LEN(I7) -> 2
A8: 1.0 | B8: in_uc | D8: 孙启锐 | E8: C相电压输入 | F8: voltage input of phase C | G8: C相电压输入 | H8: =LEN(G8) -> 6 | I8: UC | J8: =LEN(I8) -> 2
A10: 外部电流
A11: 1.0 | B11: in_angle_i3p1 | C11: 44725.877 | D11: 罗琴琴 | E11: 第一组三相电流输入 | F11: 3-phase current input module | G11: 第一组三相电流输入 | H11: =LEN(G11) -> 9 | I11: I3ph_1 | J11: =LEN(I11) -> 6
A12: 1.0 | B12: in_angle_i3p2 | C12: =IF(B12="","",IF(C12<>"",C12,NOW())) -> 0 | D12: 罗琴琴 | E12: 第二组三相电流输入 | F12: 3-phase current input module of angle | G12: 第二组三相电流输入 | H12: =LEN(G12) -> 9 | I12: I3ph_2 | J12: =LEN(I12) -> 6
A13: 1.0 | B13: in_angle_i1p1 | C13: =IF(B13="","",IF(C13<>"",C13,NOW())) -> 0 | D13: 罗琴琴 | E13: 第一组单相电流输入 | F13: single-phase current input module of angle | G13: 第一组单相电流输入 | H13: =LEN(G13) -> 9 | I13: I1ph_1 | J13: =LEN(I13) -> 6
A14: 1.0 | B14: in_ia | C14: =IF(B14="","",IF(C14<>"",C14,NOW())) -> 0 | D14: 孙启锐 | E14: A相电流输入 | F14: current input of phase A | G14: A相电流输入 | H14: =LEN(G14) -> 6 | I14: IA | J14: =LEN(I14) -> 2
A15: 1.0 | B15: in_ib | C15: =IF(B15="","",IF(C15<>"",C15,NOW())) -> 0 | D15: 孙启锐 | E15: B相电流输入 | F15: current input of phase B | G15: B相电流输入 | H15: =LEN(G15) -> 6 | I15: IB | J15: =LEN(I15) -> 2
A16: 1.0 | B16: in_ic | C16: =IF(B16="","",IF(C16<>"",C16,NOW())) -> 0 | D16: 孙启锐 | E16: C相电流输入 | F16: current input of phase C | G16: C相电流输入 | H16: =LEN(G16) -> 6 | I16: IC | J16: =LEN(I16) -> 2
A17: 1.0 | B17: in_i0 | C17: =IF(B17="","",IF(C17<>"",C17,NOW())) -> 0 | D17: 薛宇 | E17: 零序电流输入 | F17: zero-sequence current input | G17: 零序电流输入 | H17: =LEN(G17) -> 6 | I17: 3I0 | J17: =LEN(I17) -> 3
A19: =IF(B19="","",IF(A19<>"",A19,#REF!)) | C19: =IF(B19="","",IF(C19<>"",C19,NOW()))
A21: =IF(B21="","",IF(A21<>"",A21,#REF!)) | C21: =IF(B21="","",IF(C21<>"",C21,NOW()))
A23: 内部信号，AO用于AI，但名称变更
A24: 1.0 | B24: in_line1_u3p | C24: =IF(B24="","",IF(C24<>"",C24,NOW())) -> 0 | D24: 苗文彬 | E24: 三相电压输入 | F24: voltage of line1 | G24: 线路1电压 | H24: =LEN(G24) -> 5 | I24: U_Line1 | J24: =LEN(I24) -> 7
A25: 1.0 | B25: in_bus1_u1p | C25: =IF(B25="","",IF(C25<>"",C25,NOW())) -> 0 | D25: 苗文彬 | E25: 单相电压输入 | F25: voltage of bus1 | G25: 母线1电压 | H25: =LEN(G25) -> 5 | I25: U_Bus1 | J25: =LEN(I25) -> 6
A26: 1.0 | B26: in_line2_u1p | C26: =IF(B26="","",IF(C26<>"",C26,NOW())) -> 0 | D26: 苗文彬 | E26: 单相电压输入 | F26: voltage of line2 | G26: 线路2电压 | H26: =LEN(G26) -> 5 | I26: U_Line2 | J26: =LEN(I26) -> 7
A27: 1.0 | B27: in_bus2_u1p | C27: =IF(B27="","",IF(C27<>"",C27,NOW())) -> 0 | D27: 苗文彬 | E27: 单相电压输入 | F27: voltage of bus2 | G27: 母线2电压 | H27: =LEN(G27) -> 5 | I27: U_Bus2 | J27: =LEN(I27) -> 6
A28: 1.0 | B28: in_ref_u | C28: =IF(B28="","",IF(C28<>"",C28,NOW())) -> 0 | D28: 冯志翔 | E28: 三相电压输入 | F28: voltage at reference side | G28: 参考侧电压 | H28: =LEN(G28) -> 5 | I28: U_Ref | J28: =LEN(I28) -> 5
A29: 1.0 | B29: in_syn_u | C29: =IF(B29="","",IF(C29<>"",C29,NOW())) -> 0 | D29: 冯志翔 | E29: 单相电压输入 | F29: voltage at synchronization side | G29: 同期侧电压 | H29: =LEN(G29) -> 5 | I29: U_Syn | J29: =LEN(I29) -> 5
A30: 1.0 | B30: in_line1_freq | C30: =IF(B30="","",IF(C30<>"",C30,NOW())) -> 0 | D30: 苗文彬 | E30: 三相电压频率输入 | F30: frequency of line1 | G30: 线路1频率 | H30: =LEN(G30) -> 5 | I30: f_Line1 | J30: =LEN(I30) -> 7
A31: 1.0 | B31: in_bus1_freq | C31: =IF(B31="","",IF(C31<>"",C31,NOW())) -> 0 | D31: 苗文彬 | E31: 单相电压频率输入 | F31: frequency of bus1 | G31: 母线1频率 | H31: =LEN(G31) -> 5 | I31: f_Bus1 | J31: =LEN(I31) -> 6
A32: 1.0 | B32: in_line2_freq | C32: =IF(B32="","",IF(C32<>"",C32,NOW())) -> 0 | D32: 苗文彬 | E32: 单相电压频率输入 | F32: frequency of line2 | G32: 线路2频率 | H32: =LEN(G32) -> 5 | I32: f_Line2 | J32: =LEN(I32) -> 7
A33: 1.0 | B33: in_bus2_freq | C33: =IF(B33="","",IF(C33<>"",C33,NOW())) -> 0 | D33: 苗文彬 | E33: 单相电压频率输入 | F33: frequency of bus2 | G33: 母线2频率 | H33: =LEN(G33) -> 5 | I33: f_Bus2 | J33: =LEN(I33) -> 6
A34: 1.0 | B34: in_uref_freq | D34: 冯志翔 | F34: Frequency of reference voltage | G34: 参考电压频率 | H34: =LEN(G34) -> 6 | I34: f_RefVolt | J34: =LEN(I34) -> 9
A35: 1.0 | B35: in_usyn_freq | D35: 冯志翔 | F35: Frequency of syncronization voltage | G35: 同期电压频率 | H35: =LEN(G35) -> 6 | I35: f_SynVolt | J35: =LEN(I35) -> 9
A43: =IF(B43="","",IF(A43<>"",A43,#REF!)) | C43: =IF(B43="","",IF(C43<>"",C43,NOW()))
A44: =IF(B44="","",IF(A44<>"",A44,#REF!)) | C44: =IF(B44="","",IF(C44<>"",C44,NOW()))
A45: =IF(B45="","",IF(A45<>"",A45,#REF!)) | C45: =IF(B45="","",IF(C45<>"",C45,NOW()))
A46: =IF(B46="","",IF(A46<>"",A46,#REF!)) | C46: =IF(B46="","",IF(C46<>"",C46,NOW()))
A47: =IF(B47="","",IF(A47<>"",A47,#REF!)) | C47: =IF(B47="","",IF(C47<>"",C47,NOW()))
A48: =IF(B48="","",IF(A48<>"",A48,#REF!)) | C48: =IF(B48="","",IF(C48<>"",C48,NOW()))
A49: =IF(B49="","",IF(A49<>"",A49,#REF!)) | C49: =IF(B49="","",IF(C49<>"",C49,NOW()))
A50: =IF(B50="","",IF(A50<>"",A50,#REF!)) | C50: =IF(B50="","",IF(C50<>"",C50,NOW()))
A51: =IF(B51="","",IF(A51<>"",A51,#REF!)) | C51: =IF(B51="","",IF(C51<>"",C51,NOW()))
A52: =IF(B52="","",IF(A52<>"",A52,#REF!)) | C52: =IF(B52="","",IF(C52<>"",C52,NOW()))
A53: =IF(B53="","",IF(A53<>"",A53,#REF!)) | C53: =IF(B53="","",IF(C53<>"",C53,NOW()))
A54: =IF(B54="","",IF(A54<>"",A54,#REF!)) | C54: =IF(B54="","",IF(C54<>"",C54,NOW()))
... A1117: =IF(B1117="","",IF(A1117<>"",A1117,#REF!)) | C1117: =IF(B1117="","",IF(C1117<>"",C1117,NOW()))
C1118: =IF(B1118="","",IF(C1118<>"",C1118,NOW()))

Sheet AO(20）
A1: 版本 | B1: Abbr | C1: 创建日期 | D1: 创建人 | E1: 术语中文释义 | F1: 术语英文释义 | G1: 中文术语 | I1: 英文术语 | K1: 西文术语 | M1: 俄文术语
G2: 术语 | H2: 字符数 | I2: 术语 | J2: 字符数 | K2: 术语 | L2: 字符数 | M2: 术语 | N2: 字符数
A3: 频率
A4: 1.0 | B4: freq | C4: =IF(B4="","",IF(C4<>"",C4,NOW())) -> 0 | D4: 赵琦 | F4: frequency | G4: 频率 | H4: =LEN(G4) -> 2 | I4: f | J4: =LEN(I4) -> 1
A5: 1.0 | B5: uref_freq | D5: 苗文彬 | F5: Frequency of reference voltage | G5: 参考电压频率 | H5: =LEN(G5) -> 6 | I5: f_Ref | J5: =LEN(I5) -> 5
A6: 1.0 | B6: usyn_freq | D6: 苗文彬 | F6: Frequency of syncronization voltage | G6: 同期电压频率 | H6: =LEN(G6) -> 6 | I6: f_Syn | J6: =LEN(I6) -> 5
A7: 1.0 | B7: freq_dif | D7: 苗文彬 | F7: Frequency difference of synchronization check | G7: 检同期频差 | H7: =LEN(G7) -> 5 | I7: fDiff_Syn | J7: =LEN(I7) -> 9
A8: 1.0 | B8: dfdt | D8: 孙启锐 | F8: change rate of frequency difference | G8: 频率滑差 | H8: =LEN(G8) -> 4 | I8: d(fDiff)/dt | J8: =LEN(I8) -> 11
A9: 1.0 | B9: u3p_freq | C9: =IF(B9="","",IF(C9<>"",C9,NOW())) | D9: 冯志翔 | F9: frequency of 3phase voltage | G9: 三相电压频率 | H9: =LEN(G9) -> 6 | I9: f_U3ph | J9: =LEN(I9) -> 6
A12: 电压
A13: 1.0 | B13: amp_ua | C13: =IF(B13="","",IF(C13<>"",C13,NOW())) -> 0 | D13: 鲍凯鹏 | F13: voltage phase A | G13: A相电压 | H13: =LEN(G13) -> 4 | I13: UA | J13: =LEN(I13) -> 2
A14: 1.0 | B14: amp_ub | C14: =IF(B14="","",IF(C14<>"",C14,NOW())) -> 0 | D14: 鲍凯鹏 | F14: voltage phase B | G14: B相电压 | H14: =LEN(G14) -> 4 | I14: UB | J14: =LEN(I14) -> 2
A15: 1.0 | B15: amp_uc | C15: =IF(B15="","",IF(C15<>"",C15,NOW())) -> 0 | D15: 鲍凯鹏 | F15: voltage phase C | G15: C相电压 | H15: =LEN(G15) -> 4 | I15: UC | J15: =LEN(I15) -> 2
A16: 1.0 | B16: amp_uab | C16: =IF(B16="","",IF(C16<>"",C16,NOW())) -> 0 | D16: 鲍凯鹏 | F16: between phase A and phase B | G16: AB相间电压 | H16: =LEN(G16) -> 6 | I16: UAB | J16: =LEN(I16) -> 3
A17: 1.0 | B17: amp_ubc | C17: =IF(B17="","",IF(C17<>"",C17,NOW())) -> 0 | D17: 鲍凯鹏 | F17: between phase B and phase C | G17: BC相间电压 | H17: =LEN(G17) -> 6 | I17: UBC | J17: =LEN(I17) -> 3
A18: 1.0 | B18: amp_uac | C18: =IF(B18="","",IF(C18<>"",C18,NOW())) -> 0 | D18: 鲍凯鹏 | F18: between phase C and phase A | G18: CA相间电压 | H18: =LEN(G18) -> 6 | I18: UCA | J18: =LEN(I18) -> 3
A19: 1.0 | B19: amp_upp | C19: =IF(B19="","",IF(C19<>"",C19,NOW())) | D19: 刘龙 | E19: 非实体，构造出来的，失灵保护中对相间电压的统称 | F19: phase-to-phase voltage | G19: 相间电压 | H19: =LEN(G19) -> 4 | I19: Upp | J19: =LEN(I19) -> 3
A20: 1.0 | B20: amp_3u0 | C20: =IF(B20="","",IF(C20<>"",C20,NOW())) -> 0 | D20: 鲍凯鹏 | F20: zero sequence | G20: 零序电压 | H20: =LEN(G20) -> 4 | I20: 3U0 | J20: =LEN(I20) -> 3
A21: 1.0 | B21: amp_u1 | C21: =IF(B21="","",IF(C21<>"",C21,NOW())) -> 0 | D21: 鲍凯鹏 | F21: positive sequence | G21: 正序电压 | H21: =LEN(G21) -> 4 | I21: U1 | J21: =LEN(I21) -> 2
A22: 1.0 | B22: amp_u2 | C22: =IF(B22="","",IF(C22<>"",C22,NOW())) -> 0 | D22: 鲍凯鹏 | F22: negtive sequence | G22: 负序电压 | H22: =LEN(G22) -> 4 | I22: U2 | J22: =LEN(I22) -> 2
A23: 1.0 | B23: amp_upp_min | D23: 赵成虎 | F23: minimum phase-to-phase voltage | G23: 最小线电压 | I23: MinUpp | J23: =LEN(I23) -> 6
A24: 1.0 | B24: amp_upp_max | D24: 赵成虎 | F24: maximum phase-to-phase voltage | G24: 最大线电压 | I24: MaxUpp | J24: =LEN(I24) -> 6
A25: 1.0 | B25: amp_u_min | D25: 赵成虎 | F25: minimum phase voltage | G25: 最小相电压 | I25: MinUph | J25: =LEN(I25) -> 6
A26: 1.0 | B26: amp_u_max | D26: 赵成虎 | F26: maximum phase voltage | G26: 最大相电压 | I26: MaxUph | J26: =LEN(I26) -> 6
A27: 1.0 | B27: amp_2harm_ua | C27: =IF(B27="","",IF(C27<>"",C27,NOW())) -> 0 | D27: 薛宇 | F27: voltage 2nd harmonic，phase A | G27: A相电压二次谐波 | H27: =LEN(G27) -> 8 | I27: Hm2(UA) | J27: =LEN(I27) -> 7
A28: 1.0 | B28: amp_2harm_ub | D28: 薛宇 | F28: voltage 2nd harmonic，phase B | G28: B相电压二次谐波 | H28: =LEN(G28) -> 8 | I28: Hm2(UB) | J28: =LEN(I28) -> 7
A29: 1.0 | B29: amp_2harm_uc | D29: 薛宇 | F29: voltage 2nd harmonic，phase C | G29: C相电压二次谐波 | H29: =LEN(G29) -> 8 | I29: Hm2(UC) | J29: =LEN(I29) -> 7
A30: 1.0 | B30: amp_3harm_ua | C30: =IF(B30="","",IF(C30<>"",C30,NOW())) -> 0 | D30: 薛宇 | F30: voltage 3rd harmonic，phase A | G30: A相电压三次谐波 | H30: =LEN(G30) -> 8 | I30: Hm3(UA) | J30: =LEN(I30) -> 7
A31: 1.0 | B31: amp_3harm_ub | D31: 薛宇 | F31: voltage 3rd harmonic，phase B | G31: B相电压三次谐波 | H31: =LEN(G31) -> 8 | I31: Hm3(UB) | J31: =LEN(I31) -> 7
A32: 1.0 | B32: amp_3harm_uc | D32: 薛宇 | F32: voltage 3rd harmonic，phase C | G32: C相电压三次谐波 | H32: =LEN(G32) -> 8 | I32: Hm3(UC) | J32: =LEN(I32) -> 7
A33: 1.0 | B33: amp_4harm_ua | D33: 冯志翔 | F33: voltage 4th harmonic，phase A | G33: A相电压四次谐波 | H33: =LEN(G33) -> 8 | I33: Hm4(UA) | J33: =LEN(I33) -> 7
A34: 1.0 | B34: amp_4harm_ub | D34: 冯志翔 | F34: voltage 4th harmonic，phase B | G34: B相电压四次谐波 | H34: =LEN(G34) -> 8 | I34: Hm4(UB) | J34: =LEN(I34) -> 7
A35: 1.0 | B35: amp_4harm_uc | D35: 冯志翔 | F35: voltage 4th harmonic，phase C | G35: C相电压四次谐波 | H35: =LEN(G35) -> 8 | I35: Hm4(UC) | J35: =LEN(I35) -> 7
A36: 1.0 | B36: amp_5harm_ua | D36: 冯志翔 | F36: voltage 5th harmonic，phase A | G36: A相电压五次谐波 | H36: =LEN(G36) -> 8 | I36: Hm5(UA) | J36: =LEN(I36) -> 7
A37: 1.0 | B37: amp_5harm_ub | D37: 冯志翔 | F37: voltage 5th harmonic，phase B | G37: B相电压五次谐波 | H37: =LEN(G37) -> 8 | I37: Hm5(UB) | J37: =LEN(I37) -> 7
A38: 1.0 | B38: amp_5harm_uc | D38: 冯志翔 | F38: voltage 5th harmonic，phase C | G38: C相电压五次谐波 | H38: =LEN(G38) -> 8 | I38: Hm5(UC) | J38: =LEN(I38) -> 7
A39: 1.0 | B39: amp_6harm_ua | D39: 冯志翔 | F39: voltage 6th harmonic，phase A | G39: A相电压六次谐波 | H39: =LEN(G39) -> 8 | I39: Hm6(UA) | J39: =LEN(I39) -> 7
A40: 1.0 | B40: amp_6harm_ub | D40: 冯志翔 | F40: voltage 6th harmonic，phase B | G40: B相电压六次谐波 | H40: =LEN(G40) -> 8 | I40: Hm6(UB) | J40: =LEN(I40) -> 7
A41: 1.0 | B41: amp_6harm_uc | D41: 冯志翔 | F41: voltage 6th harmonic，phase C | G41: C相电压六次谐波 | H41: =LEN(G41) -> 8 | I41: Hm6(UC) | J41: =LEN(I41) -> 7
A42: 1.0 | B42: amp_7harm_ua | D42: 冯志翔 | F42: voltage 7th harmonic，phase A | G42: A相电压七次谐波 | H42: =LEN(G42) -> 8 | I42: Hm7(UA) | J42: =LEN(I42) -> 7
... A62: 1.0 | B62: amp_13harm_uc | D62: 冯志翔 | F62: voltage 13th harmonic，phase C | G62: C相电压十三次谐波 | H62: =LEN(G62) -> 9 | I62: Hm13(UC) | J62: =LEN(I62) -> 8
A63: 1.0 | B63: 2harm_u3p | D63: 薛宇 | E63: 作为输出，输入信号也用这个，不用重新创建 | F63: 3-phase voltage 2nd harmonic components | G63: 三相电压二次谐波 | H63: =LEN(G63) -> 8 | I63: Hm2(U3ph)
A64: =IF(B64="","",IF(A64<>"",A64,#REF!)) | B64: 3harm_u3p | C64: =IF(B64="","",IF(C64<>"",C64,NOW())) | D64: 冯志翔 | E64: 作为输出，输入信号也用这个，不用重新创建 | F64: 3-phase voltage 3rd harmonic components | G64: 三相电压三次谐波 | H64: =LEN(G64) -> 8 | I64: Hm3(U3ph)
A65: 1.0 | B65: smpl_ua | C65: =IF(B65="","",IF(C65<>"",C65,NOW())) -> 0 | D65: 鲍凯鹏 | F65: voltage sample of phase A | G65: A相电压采样值 | H65: =LEN(G65) -> 7 | I65: uA | J65: =LEN(I65) -> 2
A66: 1.0 | B66: smpl_ub | C66: =IF(B66="","",IF(C66<>"",C66,NOW())) -> 0 | D66: 鲍凯鹏 | F66: voltage sample of phase B | G66: B相电压采样值 | H66: =LEN(G66) -> 7 | I66: uB | J66: =LEN(I66) -> 2
A67: 1.0 | B67: smpl_uc | C67: =IF(B67="","",IF(C67<>"",C67,NOW())) -> 0 | D67: 鲍凯鹏 | F67: voltage sample of phase C | G67: C相电压采样值 | H67: =LEN(G67) -> 7 | I67: uC | J67: =LEN(I67) -> 2
A68: 1.0 | B68: smpl_uab | C68: =IF(B68="","",IF(C68<>"",C68,NOW())) -> 0 | D68: 鲍凯鹏 | F68: voltage sample between phase A and phase B | G68: AB相间电压采样值 | H68: =LEN(G68) -> 9 | I68: uAB | J68: =LEN(I68) -> 3
A69: 1.0 | B69: smpl_ubc | C69: =IF(B69="","",IF(C69<>"",C69,NOW())) -> 0 | D69: 鲍凯鹏 | F69: voltage sample between phase B and phase C | G69: BC相间电压采样值 | H69: =LEN(G69) -> 9 | I69: uBC | J69: =LEN(I69) -> 3
A70: 1.0 | B70: smpl_uac | C70: =IF(B70="","",IF(C70<>"",C70,NOW())) -> 0 | D70: 鲍凯鹏 | F70: voltage sample between phase C and phase A | G70: CA相间电压采样值 | H70: =LEN(G70) -> 9 | I70: uCA | J70: =LEN(I70) -> 3
A71: 1.0 | B71: smpl_u0 | C71: =IF(B71="","",IF(C71<>"",C71,NOW())) -> 0 | D71: 鲍凯鹏 | F71: zero sequence voltage sample | G71: 零序电压采样值 | H71: =LEN(G71) -> 7 | I71: u0 | J71: =LEN(I71) -> 2
A72: 1.0 | B72: smpl_u1 | C72: =IF(B72="","",IF(C72<>"",C72,NOW())) -> 0 | D72: 鲍凯鹏 | F72: positive sequence voltage sample | G72: 正序电压采样值 | H72: =LEN(G72) -> 7 | I72: u1 | J72: =LEN(I72) -> 2
A73: 1.0 | B73: smpl_u2 | C73: =IF(B73="","",IF(C73<>"",C73,NOW())) -> 0 | D73: 鲍凯鹏 | F73: negtive sequence voltage sample | G73: 负序电压采样值 | H73: =LEN(G73) -> 7 | I73: u2 | J73: =LEN(I73) -> 2
A74: 1.0 | B74: u_dif | C74: =IF(B74="","",IF(C74<>"",C74,NOW())) -> 0 | D74: 苗文彬 | F74: voltage difference of synchro-check | G74: 检同期压差 | H74: =LEN(G74) -> 5 | I74: VoltDiff_Syn | J74: =LEN(I74) -> 12
A75: 1.0 | B75: amp_usyn | C75: 44698.677 | D75: 孙启锐 | F75: voltage phase synchronism | G75: 同期电压 | H75: =LEN(G75) -> 4 | I75: U_Syn | J75: =LEN(I75) -> 5
A76: 1.0 | B76: smpl_usyn | C76: =IF(B76="","",IF(C76<>"",C76,NOW())) -> 0 | D76: 孙启锐 | F76: voltage sample of phase synchronism | G76: 同期电压采样值 | H76: =LEN(G76) -> 7 | I76: u_Syn | J76: =LEN(I76) -> 5
A77: 1.0 | B77: u3p | D77: 孙启锐 | F77: 3-phase voltage output | G77: 三相电压结构体 | H77: =LEN(G77) -> 7 | I77: U3ph | J77: =LEN(I77) -> 4
A78: 1.0 | B78: u1p | D78: 孙启锐 | F78: single-phase voltage output | G78: 单相电压结构体 | H78: =LEN(G78) -> 7 | I78: U1ph | J78: =LEN(I78) -> 4
A79: =IF(B79="","",IF(A79<>"",A79,#REF!)) | C79: =IF(B79="","",IF(C79<>"",C79,NOW()))
A80: 电流
A81: 1.0 | B81: amp_ia | C81: =IF(B81="","",IF(C81<>"",C81,NOW())) -> 0 | D81: 鲍凯鹏 | F81: current of phase A | G81: A相电流 | H81: =LEN(G81) -> 4 | I81: IA | J81: =LEN(I81) -> 2
A82: 1.0 | B82: amp_ib | C82: =IF(B82="","",IF(C82<>"",C82,NOW())) -> 0 | D82: 鲍凯鹏 | F82: current of phase B | G82: B相电流 | H82: =LEN(G82) -> 4 | I82: IB | J82: =LEN(I82) -> 2
A83: 1.0 | B83: amp_ic | C83: =IF(B83="","",IF(C83<>"",C83,NOW())) -> 0 | D83: 鲍凯鹏 | F83: current of phase C | G83: C相电流 | H83: =LEN(G83) -> 4 | I83: IC | J83: =LEN(I83) -> 2
A84: 1.0 | B84: iabc | D84: 刘龙 | E84: 非实体，构造出来的，失灵保护电流判据中对相电流的统称 | F84: phase current of phase A,B,C | G84: 相电流 | I84: Iph(A/B/C) | J84: =LEN(I84) -> 10
A85: 1.0 | B85: amp_iab | C85: =IF(B85="","",IF(C85<>"",C85,NOW())) -> 0 | D85: 鲍凯鹏 | F85: current between phase A and phase B | G85: AB相间电流 | H85: =LEN(G85) -> 6 | I85: IAB | J85: =LEN(I85) -> 3
A86: 1.0 | B86: amp_ibc | C86: =IF(B86="","",IF(C86<>"",C86,NOW())) -> 0 | D86: 鲍凯鹏 | F86: current between phase B and phase C | G86: BC相间电流 | H86: =LEN(G86) -> 6 | I86: IBC | J86: =LEN(I86) -> 3
A87: 1.0 | B87: amp_iac | C87: =IF(B87="","",IF(C87<>"",C87,NOW())) -> 0 | D87: 鲍凯鹏 | F87: current between phase C and phase A | G87: CA相间电流 | H87: =LEN(G87) -> 6 | I87: ICA | J87: =LEN(I87) -> 3
A88: 1.0 | B88: amp_3i0 | C88: =IF(B88="","",IF(C88<>"",C88,NOW())) -> 0 | D88: 鲍凯鹏 | F88: triple zero sequence current | G88: 三倍零序电流 | H88: =LEN(G88) -> 6 | I88: 3I0_Calc | J88: =LEN(I88) -> 8
A89: 1.0 | B89: ext_amp_3i0 | D89: 罗琴琴 | F89: external zero-sequence current | G89: 外接零序电流 | H89: =LEN(G89) -> 6 | I89: IN | J89: =LEN(I89) -> 2
A90: 1.0 | B90: amp_i1 | C90: =IF(B90="","",IF(C90<>"",C90,NOW())) -> 0 | D90: 鲍凯鹏 | F90: positive sequence current | G90: 正序电流 | H90: =LEN(G90) -> 4 | I90: I1 | J90: =LEN(I90) -> 2
A91: 1.0 | B91: amp_i2 | C91: =IF(B91="","",IF(C91<>"",C91,NOW())) -> 0 | D91: 鲍凯鹏 | F91: negtive sequence current | G91: 负序电流 | H91: =LEN(G91) -> 4 | I91: I2 | J91: =LEN(I91) -> 2
A92: 1.0 | B92: amp_i_min | D92: 赵成虎 | F92: minimum phase current | G92: 最小相电流 | H92: =LEN(G92) -> 5 | I92: MinIph | J92: =LEN(I92) -> 6
A93: 1.0 | B93: amp_i_max | D93: 赵成虎 | F93: maximum phase current | G93: 最大相电流 | H93: =LEN(G93) -> 5 | I93: MaxIph | J93: =LEN(I93) -> 6
A94: 1.0 | B94: smpl_ia | C94: =IF(B94="","",IF(C94<>"",C94,NOW())) -> 0 | D94: 鲍凯鹏 | F94: current sample of phase A | G94: A相电流采样值 | H94: =LEN(G94) -> 7 | I94: iA | J94: =LEN(I94) -> 2
A95: 1.0 | B95: smpl_ib | C95: =IF(B95="","",IF(C95<>"",C95,NOW())) -> 0 | D95: 鲍凯鹏 | F95: current sample of phase B | G95: B相电流采样值 | H95: =LEN(G95) -> 7 | I95: iB | J95: =LEN(I95) -> 2
A96: 1.0 | B96: smpl_ic | C96: =IF(B96="","",IF(C96<>"",C96,NOW())) -> 0 | D96: 鲍凯鹏 | F96: current sample of phase C | G96: C相电流采样值 | H96: =LEN(G96) -> 7 | I96: iC | J96: =LEN(I96) -> 2
A97: 1.0 | B97: smpl_iab | C97: =IF(B97="","",IF(C97<>"",C97,NOW())) -> 0 | D97: 鲍凯鹏 | F97: current sample between phase A and phase B | G97: AB相间电流采样值 | H97: =LEN(G97) -> 9 | I97: iAB | J97: =LEN(I97) -> 3
A98: 1.0 | B98: smpl_ibc | C98: =IF(B98="","",IF(C98<>"",C98,NOW())) -> 0 | D98: 鲍凯鹏 | F98: current sample between phase B and phase C | G98: BC相间电流采样值 | H98: =LEN(G98) -> 9 | I98: iBC | J98: =LEN(I98) -> 3
A99: 1.0 | B99: smpl_iac | C99: =IF(B99="","",IF(C99<>"",C99,NOW())) -> 0 | D99: 鲍凯鹏 | F99: current sample between phase C and phase A | G99: CA相间电流采样值 | H99: =LEN(G99) -> 9 | I99: iCA | J99: =LEN(I99) -> 3
A100: 1.0 | B100: smpl_3i0 | C100: =IF(B100="","",IF(C100<>"",C100,NOW())) -> 0 | D100: 鲍凯鹏 | F100: triple zero sequence current sample | G100: 三倍零序电流采样值 | H100: =LEN(G100) -> 9 | I100: 3i0_Calc | J100: =LEN(I100) -> 8
A101: 1.0 | B101: ext_smpl_3i0 | C101: =IF(B101="","",IF(C101<>"",C101,NOW())) | D101: 罗琴琴 | F101: sample of external zero-sequence current | G101: 外接零序电流采样值 | H101: =LEN(G101) -> 9 | I101: iN | J101: =LEN(I101) -> 2
A102: 1.0 | B102: smpl_i1 | C102: =IF(B102="","",IF(C102<>"",C102,NOW())) -> 0 | D102: 鲍凯鹏 | F102: positive sequence current sample | G102: 正序电流采样值 | H102: =LEN(G102) -> 7 | I102: i1 | J102: =LEN(I102) -> 2
A103: 1.0 | B103: smpl_i2 | C103: =IF(B103="","",IF(C103<>"",C103,NOW())) -> 0 | D103: 鲍凯鹏 | F103: negtive sequence current sample | G103: 负序电流采样值 | H103: =LEN(G103) -> 7 | I103: i2 | J103: =LEN(I103) -> 2
A104: 1.0 | B104: i3p | C104: =IF(B104="","",IF(C104<>"",C104,NOW())) -> 0 | D104: 孙启锐 | F104: 3-phase current output | G104: 三相电流结构体输出 | H104: =LEN(G104) -> 9 | I104: I3ph | J104: =LEN(I104) -> 4
A105: 1.0 | B105: i1p | C105: =IF(B105="","",IF(C105<>"",C105,NOW())) -> 0 | D105: 孙启锐 | F105: single-phase current output | G105: 单相电流结构体输出 | H105: =LEN(G105) -> 9 | I105: I1ph | J105: =LEN(I105) -> 4
A106: 1.0 | B106: amp_2harm_ia | C106: =IF(B106="","",IF(C106<>"",C106,NOW())) -> 0 | D106: 薛宇 | F106: current 2nd harmonic，phase A | G106: A相电流二次谐波 | H106: =LEN(G106) -> 8 | I106: Hm2(IA) | J106: =LEN(I106) -> 7
A107: 1.0 | B107: amp_2harm_ib | D107: 薛宇 | F107: current 2nd harmonic，phase B | G107: B相电流二次谐波 | H107: =LEN(G107) -> 8 | I107: Hm2(IB)
A108: 1.0 | B108: amp_2harm_ic | D108: 薛宇 | F108: current 2nd harmonic，phase C | G108: C相电流二次谐波 | H108: =LEN(G108) -> 8 | I108: Hm2(IC)
A109: 1.0 | B109: amp_3harm_ia | C109: =IF(B109="","",IF(C109<>"",C109,NOW())) -> 0 | D109: 薛宇 | F109: current 3rd harmonic，phase A | G109: A相电流三次谐波 | H109: =LEN(G109) -> 8 | I109: Hm3(IA) | J109: =LEN(I109) -> 7
A110: 1.0 | B110: amp_3harm_ib | D110: 薛宇 | F110: current 3rd harmonic，phase B | G110: B相电流三次谐波 | H110: =LEN(G110) -> 8 | I110: Hm3(IB)
A111: 1.0 | B111: amp_3harm_ic | D111: 薛宇 | F111: current 3rd harmonic，phase C | G111: C相电流三次谐波 | H111: =LEN(G111) -> 8 | I111: Hm3(IC)
A112: 1.0 | B112: amp_4harm_ia | D112: 冯志翔 | F112: current 4th harmonic，phase A | G112: A相电流四次谐波 | H112: =LEN(G112) -> 8 | I112: Hm4(IA) | J112: =LEN(I112) -> 7
A113: 1.0 | B113: amp_4harm_ib | D113: 冯志翔 | F113: current 4th harmonic，phase B | G113: B相电流四次谐波 | H113: =LEN(G113) -> 8 | I113: Hm4(IB)
A114: 1.0 | B114: amp_4harm_ic | D114: 冯志翔 | F114: current 4th harmonic，phase C | G114: C相电流四次谐波 | H114: =LEN(G114) -> 8 | I114: Hm4(IC)
A115: 1.0 | B115: amp_5harm_ia | D115: 冯志翔 | F115: current 5th harmonic，phase A | G115: A相电流五次谐波 | H115: =LEN(G115) -> 8 | I115: Hm5(IA) | J115: =LEN(I115) -> 7
A116: 1.0 | B116: amp_5harm_ib | D116: 冯志翔 | F116: current 5th harmonic，phase B | G116: B相电流五次谐波 | H116: =LEN(G116) -> 8 | I116: Hm5(IB)
A117: 1.0 | B117: amp_5harm_ic | D117: 冯志翔 | F117: current 5th harmonic，phase C | G117: C相电流五次谐波 | H117: =LEN(G117) -> 8 | I117: Hm5(IC)
A118: 1.0 | B118: amp_6harm_ia | D118: 冯志翔 | F118: current 6th harmonic，phase A | G118: A相电流六次谐波 | H118: =LEN(G118) -> 8 | I118: Hm6(IA) | J118: =LEN(I118) -> 7
A119: 1.0 | B119: amp_6harm_ib | D119: 冯志翔 | F119: current 6th harmonic，phase B | G119: B相电流六次谐波 | H119: =LEN(G119) -> 8 | I119: Hm6(IB)
A120: 1.0 | B120: amp_6harm_ic | D120: 冯志翔 | F120: current 6th harmonic，phase C | G120: C相电流六次谐波 | H120: =LEN(G120) -> 8 | I120: Hm6(IC)
A121: 1.0 | B121: amp_7harm_ia | D121: 冯志翔 | F121: current 7th harmonic，phase A | G121: A相电流七次谐波 | H121: =LEN(G121) -> 8 | I121: Hm7(IA) | J121: =LEN(I121) -> 7
...

Sheet 功能定值(中26，外22)
A1: 版本 | B1: Abbr | C1: 创建日期 | D1: 创建人 | E1: 术语中文释义 | F1: 术语英文释义 | G1: 中文术语 | I1: 英文术语 | K1: 西文术语 | M1: 俄文术语
G2: 术语 | H2: 字符数 | I2: 术语 | J2: 字符数 | K2: 术语 | L2: 字符数 | M2: 术语 | N2: 字符数
A3: =IF(B3="","",IF(A3<>"",A3,#REF!)) | C3: =IF(B3="","",IF(C3<>"",C3,NOW()))
A4: 设备参数（系统定值） | B4: 22
A5: 1.0 | B5: rated_primary_current | C5: =IF(B5="","",IF(C5<>"",C5,NOW())) -> 0 | D5: 鲍凯鹏 | F5: Rated primary current | G5: CT额定一次值 | H5: =LEN(G5) -> 7 | I5: RatedPriCurr | J5: =LEN(I5) -> 12 | L5: =LEN(K5) -> 0
A6: 1.0 | B6: rated_secondary_current | C6: =IF(B6="","",IF(C6<>"",C6,NOW())) -> 0 | D6: 鲍凯鹏 | F6: Rated secondary current | G6: CT额定二次值 | H6: =LEN(G6) -> 7 | I6: RatedSecCurr | J6: =LEN(I6) -> 12 | L6: =LEN(K6) -> 0
A7: 1.0 | B7: rated_pri_cur_neut_ct | C7: =IF(B7="","",IF(C7<>"",C7,NOW())) -> 0 | D7: 鲍凯鹏 | F7: Rated primary zero-sequence current | G7: 零序CT额定一次值 | H7: =LEN(G7) -> 9 | I7: RatedPriCurr_IN | J7: =LEN(I7) -> 15 | L7: =LEN(K7) -> 0
A8: 1.0 | B8: rated_secondary_cur_neut_ct | C8: =IF(B8="","",IF(C8<>"",C8,NOW())) -> 0 | D8: 鲍凯鹏 | F8: Rated secondary zero-sequence current | G8: 零序CT额定二次值 | H8: =LEN(G8) -> 9 | I8: RatedSecCurr_IN | J8: =LEN(I8) -> 15 | L8: =LEN(K8) -> 0
A9: 1.0 | B9: rated_primary_voltage | C9: =IF(B9="","",IF(C9<>"",C9,NOW())) -> 0 | D9: 鲍凯鹏 | F9: Rated primary voltage | G9: VT额定一次值 | H9: =LEN(G9) -> 7 | I9: RatedPriVolt | J9: =LEN(I9) -> 12 | L9: =LEN(K9) -> 0
A10: 1.0 | B10: rated_secondary_voltage | C10: =IF(B10="","",IF(C10<>"",C10,NOW())) -> 0 | D10: 鲍凯鹏 | F10: Rated secondary voltage | G10: VT额定二次值 | H10: =LEN(G10) -> 7 | I10: RatedSecVolt | J10: =LEN(I10) -> 12 | L10: =LEN(K10) -> 0
A11: 1.0 | B11: rated_pri_volt_busbar_vt | C11: =IF(B11="","",IF(C11<>"",C11,NOW())) -> 0 | D11: 鲍凯鹏 | F11: Rated primary voltage of bus | G11: 母线VT额定一次值 | H11: =LEN(G11) -> 9 | I11: RatedPriVolt_Bus | J11: =LEN(I11) -> 16 | L11: =LEN(K11) -> 0
A12: 1.0 | B12: rated_sec_volt_busbar_vt | C12: =IF(B12="","",IF(C12<>"",C12,NOW())) -> 0 | D12: 鲍凯鹏 | F12: Rated secondary voltage of bus | G12: 母线VT额定二次值 | H12: =LEN(G12) -> 9 | I12: RatedSecVolt_Bus | J12: =LEN(I12) -> 16 | L12: =LEN(K12) -> 0
A13: 1.0 | B13: rated_pri_volt_line_vt | C13: =IF(B13="","",IF(C13<>"",C13,NOW())) -> 0 | D13: 鲍凯鹏 | F13: Rated primary voltage of line | G13: 线路VT额定一次值 | H13: =LEN(G13) -> 9 | I13: RatedPriVolt_Line | J13: =LEN(I13) -> 17 | L13: =LEN(K13) -> 0
A14: 1.0 | B14: rated_sec_volt_line_vt | C14: =IF(B14="","",IF(C14<>"",C14,NOW())) -> 0 | D14: 鲍凯鹏 | F14: Rated secondary voltage of line | G14: 线路VT额定二次值 | H14: =LEN(G14) -> 9 | I14: RatedSecVolt_Line | J14: =LEN(I14) -> 17 | L14: =LEN(K14) -> 0
A15: 1.0 | B15: ratio_ct | C15: =IF(B15="","",IF(C15<>"",C15,NOW())) -> 0 | D15: 薛宇 | F15: Ratio of CT | G15: CT变比 | H15: =LEN(G15) -> 4 | I15: Ratio_CT | J15: =LEN(I15) -> 8 | L15: =LEN(K15) -> 0
A16: 1.0 | B16: ratio_neut_ct | C16: =IF(B16="","",IF(C16<>"",C16,NOW())) -> 0 | D16: 薛宇 | F16: Ratio of zero-sequence CT | G16: 零序CT变比 | H16: =LEN(G16) -> 6 | I16: Ratio_ZeroSeqCT | J16: =LEN(I16) -> 15 | L16: =LEN(K16) -> 0
... A19: 1.0 | B19: ratio_neut_vt | C19: =IF(B19="","",IF(C19<>"",C19,NOW())) -> 0 | D19: 薛宇 | F19: Ratio of zero-sequence VT | G19: 零序VT变比 | H19: =LEN(G19) -> 6 | I19: Ratio_ZeroSeqVT | J19: =LEN(I19) -> 15 | L19: =LEN(K19) -> 0
A20: 1.0 | B20: set_fn | C20: 45700 | D20: 马国威 | F20: rated frequency | G20: 额定频率 | H20: =LEN(G20) -> 4 | I20: RatedFreq | J20: =LEN(I20) -> 9
A21: 1.0 | B21: set_phase_rotation | C21: 45700 | D21: 马国威 | F21: phase sequence | G21: 相序选择 | H21: =LEN(G21) -> 4 | I21: PhaseSeq | J21: =LEN(I21) -> 8
A22: 1.0 | B22: set_smpl_mode | C22: 45700 | D22: 马国威 | F22: sampling mode | G22: 采样模式 | H22: =LEN(G22) -> 4 | I22: SamplingMode | J22: =LEN(I22) -> 12
A23: 软压板
A24: 1.0 | B24: func_enabled | C24: =IF(B24="","",IF(C24<>"",C24,NOW())) -> 0 | D24: 薛宇 | F24: Enable function | G24: 功能使能 | H24: =LEN(G24) -> 4 | I24: Enable | J24: =LEN(I24) -> 6
A25: =IF(B25="","",IF(A25<>"",A25,#REF!)) | C25: =IF(B25="","",IF(C25<>"",C25,NOW())) | J25: =LEN(I25) -> 0
A31: 保护通用定值
A32: 1.0 | B32: set_mode | C32: =IF(B32="","",IF(C32<>"",C32,NOW())) -> 0 | D32: 薛宇 | F32: work mode | G32: 工作模式 | H32: =LEN(G32) -> 4 | I32: WorkMode | J32: =LEN(I32) -> 8
A33: 1.0 | B33: swit_sgltrip | C33: =IF(B33="","",IF(C33<>"",C33,NOW())) -> 0 | D33: 薛宇 | E33: 当前低频保护用 | F33: Permit single-pole tripping | G33: 投单相跳闸 | H33: =LEN(G33) -> 5 | I33: Permit_1PoleTrip | J33: =LEN(I33) -> 16
A34: 1.0 | B34: swit_strbf | C34: =IF(B34="","",IF(C34<>"",C34,NOW())) -> 0 | D34: 薛宇 | E34: 当前低频保护用 | F34: startup breaker failure protection；Permit initiating BF (breaker failure protection) | G34: 投启动失灵 | H34: =LEN(G34) -> 5 | I34: Permit_InitiatingBF | J34: =LEN(I34) -> 19
A35: 1.0 | B35: set_opt_ctrlmode | C35: =IF(B35="","",IF(C35<>"",C35,NOW())) -> 0 | D35: 薛宇 | E35: 当前是频率保护针对重合闸的 | F35: control mode of closing | G35: 合闸控制模式 | H35: =LEN(G35) -> 6 | I35: CtrlMode_Closing | J35: =LEN(I35) -> 16
A36: 1.0 | B36: sp_exec_prd | C36: =IF(B36="","",IF(C36<>"",C36,NOW())) -> 0 | D36: 薛宇 | F36: module executing(execution) period | G36: 模块执行周期 | H36: =LEN(G36) -> 6 | I36: ExecPeriod | J36: =LEN(I36) -> 10
A37: 1.0 | B37: sp_exec_seq | C37: =IF(B37="","",IF(C37<>"",C37,NOW())) -> 0 | D37: 薛宇 | F37: module executing(execution) sequence | G37: 模块执行序列 | H37: =LEN(G37) -> 6 | I37: ExecSeq | J37: =LEN(I37) -> 7
A38: 1.0 | B38: set_3u0_val | C38: =IF(B38="","",IF(C38<>"",C38,NOW())) -> 0 | D38: 赵成虎 | E38: 过流和失灵模块：辅助判据，零序过值release；在CT断线里面的低值辅助判据，另外建立了U<的术语 | F38: setting of zero-sequence voltage, auxiliary criterion, release value | G38: 零序电压定值 | H38: =LEN(G38) -> 6 | I38: RlsVal_3U0 | J38: =LEN(I38) -> 10
A39: 1.0 | B39: set_u2_val | C39: =IF(B39="","",IF(C39<>"",C39,NOW())) -> 0 | D39: 赵成虎 | E39: 过流和失灵模块：辅助判据，负序电压定值 | F39: setting of negative -sequence voltage, auxiliary criterion, release value | G39: 负序电压定值 | H39: =LEN(G39) -> 6 | I39: RlsVal_U2 | J39: =LEN(I39) -> 9
A40: 1.0 | B40: set_upp_val | C40: =IF(B40="","",IF(C40<>"",C40,NOW())) -> 0 | D40: 赵成虎 | E40: 过流和失灵模块：辅助判据，相间低电压定值 | F40: low phase-to-phase voltage valuee, auxiliary criterion, release value | G40: 相间低电压定值 | H40: =LEN(G40) -> 7 | I40: RlsVal_Upp | J40: =LEN(I40) -> 10
A41: 1.0 | B41: set_strval | C41: =IF(B41="","",IF(C41<>"",C41,NOW())) -> 0 | D41: 薛宇 | F41: setting of start value | G41: 启动定值 | H41: =LEN(G41) -> 4 | I41: StrVal | J41: =LEN(I41) -> 6
A42: 1.0 | B42: set_rst_coef | C42: 44641.906 | D42: 赵成虎 | E42: 当前过流保护和电压保护用 | F42: reset coefficient;Dropout ratio | G42: 返回系数 | H42: =LEN(G42) -> 4 | I42: DropRatio | J42: =LEN(I42) -> 9
A43: 1.0 | B43: set_opdltm | C43: =IF(B43="","",IF(C43<>"",C43,NOW())) -> 0 | D43: 薛宇 | F43: operate time delay | G43: 延时定值 | H43: =LEN(G43) -> 4 | I43: OpDly | J43: =LEN(I43) -> 5
A44: 1.0 | B44: set_t_min_op | C44: 44681 | D44: 刘龙 | E44: 当前失灵保护用 | F44: Minimum operate time | G44: 最小动作时间定值 | H44: =LEN(G44) -> 8 | I44: MinOpTime | J44: =LEN(I44) -> 9
A45: 1.0 | B45: set_rsdltm | C45: =IF(B45="","",IF(C45<>"",C45,NOW())) -> 0 | D45: 赵成虎 | E45: 当前电流和电压保护用 | F45: dropout delay | G45: 返回延时定值 | H45: =LEN(G45) -> 6 | I45: DropDly | J45: =LEN(I45) -> 7
A46: 1.0 | B46: set_blkvol | C46: =IF(B46="","",IF(C46<>"",C46,NOW())) -> 0 | D46: 薛宇 | E46: 通用。具体功能里往往采用具体名称，如零序电压闭锁、低电压闭锁 | F46: setting of voltage blocking；Block value of voltage | G46: 电压闭锁定值 | H46: =LEN(G46) -> 6 | I46: BlkVal_Volt | J46: =LEN(I46) -> 11
A47: 1.0 | B47: set_i_open | C47: =IF(B47="","",IF(C47<>"",C47,NOW())) -> 0 | D47: 赵成虎 | E47: 过流保护：用于开放谐波闭锁元件 | F47: high-current releasing value | G47: 电流开放定值 | H47: =LEN(G47) -> 6 | I47: RlsVal_HighCurr | J47: =LEN(I47) -> 15
A48: 1.0 | B48: set_i | C48: 44663.73 | D48: 刘龙 | E48: 失灵保护： | F48: phase current setting (start value) | G48: 相电流定值 | I48: Iph> | J48: =LEN(I48) -> 4
A49: 1.0 | B49: set_i_3i0 | C49: =IF(B49="","",IF(C49<>"",C49,NOW())) -> 0 | D49: 余培懿 | E49: 非全相、失灵保护： | F49: Zero sequence current setting (start value) | G49: 零序电流定值 | H49: =LEN(G49) -> 6 | I49: 3I0> | J49: =LEN(I49) -> 4
A50: 1.0 | B50: set_i_i2 | C50: =IF(B50="","",IF(C50<>"",C50,NOW())) -> 0 | D50: 余培懿 | E50: 非全相、失灵保护： | F50: Negative sequence current setting (start value) | G50: 负序电流定值 | H50: =LEN(G50) -> 6 | I50: I2> | J50: =LEN(I50) -> 3
A51: 1.0 | B51: set_v_l | C51: =IF(B51="","",IF(C51<>"",C51,NOW())) -> 0 | D51: 苗文彬 | E51: 加速保护：无压开放定值，非标幺值；同期功能：标幺值表示的检无压电压门槛值 | F51: Threshold of dead voltage | G51: 无压定值 | H51: =LEN(G51) -> 4 | I51: Thresh_DeadVolt | J51: =LEN(I51) -> 15
A52: 1.0 | B52: set_v_h | C52: =IF(B52="","",IF(C52<>"",C52,NOW())) -> 0 | D52: 苗文彬 | E52: 同期功能和电压模块：标幺值表示的检有压电压门槛值 | F52: Threshold of live voltage | G52: 有压定值 | H52: =LEN(G52) -> 4 | I52: Thresh_LiveVolt | J52: =LEN(I52) -> 15
A53: 1.0 | B53: set_i_live | C53: =IF(B53="","",IF(C53<>"",C53,NOW())) -> 0 | D53: 孙启锐 | E53: 电压模块和ctvt断线模块：有流定值 | F53: current threshold of on-load state | G53: 有流定值 | H53: =LEN(G53) -> 4 | I53: Thresh_OnLoad | J53: =LEN(I53) -> 13
A54: 1.0 | B54: swit_vt_blk | C54: =IF(B54="","",IF(C54<>"",C54,NOW())) -> 0 | D54: 赵成虎 | E54: 低电压模块和过流模块 | F54: blocked by voltage circuit failure; blocking by VT failure is on | G54: PT断线退出保护 | H54: =LEN(G54) -> 8 | I54: VT_Fail_Block_FN | J54: =LEN(I54) -> 16
A55: 1.0 | B55: swit_vol | C55: =IF(B55="","",IF(C55<>"",C55,NOW())) -> 0 | D55: 赵成虎 | E55: 当前失灵和过流模块用 | F55: voltage control criterion | G55: 经电压控制 | H55: =LEN(G55) -> 5 | I55: Via_VoltCtrl | J55: =LEN(I55) -> 12
A56: 1.0 | B56: set_u_blk | C56: =IF(B56="","",IF(C56<>"",C56,NOW())) -> 0 | D56: 孙启锐 | E56: 低压闭锁定值,当前在频率保护和频率计算中用 | F56: under-voltage blocking value | G56: 低压闭锁定值 | H56: =LEN(G56) -> 6 | I56: BlkVal_Uph | J56: =LEN(I56) -> 10
A57: 1.0 | B57: set_blkcur | C57: =IF(B57="","",IF(C57<>"",C57,NOW())) -> 0 | D57: 曹义 | E57: 电流闭锁定值，当前用于低电压保护 | F57: setting of current blocking value | G57: 电流闭锁定值 | H57: =LEN(G57) -> 6 | I57: BlkVal_Curr | J57: =LEN(I57) -> 11
A58: 1.0 | B58: set_op_crv | C58: =IF(B58="","",IF(C58<>"",C58,NOW())) -> 0 | D58: 赵成虎 | E58: 当前过流和电压保护用 | F58: type of operate curve | G58: 动作曲线类型 | H58: =LEN(G58) -> 6 | I58: Type_OpCurve | J58: =LEN(I58) -> 12
A59: 1.0 | B59: set_inv_k | C59: 44641.906 | D59: 赵成虎 | E59: 当前过流和电压保护用 | F59: inverse coefficient K; Coefficient K in inverse time characteristic | G59: 反时限系数K | H59: =LEN(G59) -> 6 | I59: InvCoeff_K | J59: =LEN(I59) -> 10
A60: 1.0 | B60: set_inv_c | C60: 44641.906 | D60: 赵成虎 | E60: 当前过流和电压保护用 | F60: inverse coefficient C; Coefficient C in inverse time characteristic | G60: 反时限系数C | H60: =LEN(G60) -> 6 | I60: InvCoeff_C | J60: =LEN(I60) -> 10
A61: 1.0 | B61: set_inv_a | C61: 44641.906 | D61: 赵成虎 | E61: 当前过流和电压保护用 | F61: inverse coefficient A; Coefficient A in inverse time characteristic | G61: 反时限系数Alpha | H61: =LEN(G61) -> 10 | I61: InvCoeff_Alpha | J61: =LEN(I61) -> 14
A63: 过流保护 | J63: =LEN(I63) -> 0
A64: 1.0 | B64: set_harmblk_ratio | C64: =IF(B64="","",IF(C64<>"",C64,NOW())) -> 0 | D64: 赵成虎 | F64: second harmonic blocking value | G64: 谐波闭锁定值 | H64: =LEN(G64) -> 6 | I64: BlkVal_Hm2 | J64: =LEN(I64) -> 10
A65: 1.0 | B65: set_harmblk_mode | C65: =IF(B65="","",IF(C65<>"",C65,NOW())) -> 0 | D65: 赵成虎 | F65: harmonic blocking mode | G65: 谐波闭锁模式 | H65: =LEN(G65) -> 6 | I65: Mode_HmBlk | J65: =LEN(I65) -> 10
A66: 1.0 | B66: set_dir_mode | C66: =IF(B66="","",IF(C66<>"",C66,NOW())) -> 0 | D66: 赵成虎 | F66: directional mode | G66: 方向模式 | H66: =LEN(G66) -> 4 | I66: DirOpt | J66: =LEN(I66) -> 6
A67: 1.0 | B67: swit_harm_blk | C67: =IF(B67="","",IF(C67<>"",C67,NOW())) -> 0 | D67: 赵成虎 | F67: harmonic blocking; harmonic blocking is on | G67: 经谐波闭锁 | H67: =LEN(G67) -> 5 | I67: Via_HmBlk | J67: =LEN(I67) -> 9
A68: 1.0 | B68: set_rst_crv | C68: 44641.906 | D68: 赵成虎 | F68: reset characteristics curve；type of dropout curve | G68: 返回曲线类型 | H68: =LEN(G68) -> 6 | I68: Type_DropCurve | J68: =LEN(I68) -> 14
A69: 1.0 | B69: set_inv_factor | C69: 44641.906 | D69: 赵成虎 | F69: inverse time multiplier | G69: 反时限时间因子 | H69: =LEN(G69) -> 7 | I69: TimeMultiplier_Inv | J69: =LEN(I69) -> 18
A70: 1.0 | B70: set_inv_tmin | C70: 44641.906 | D70: 赵成虎 | F70: minimum operating time of inverse time | G70: 反时限最小动作时间 | H70: =LEN(G70) -> 9 | I70: MinOpTime_Inv | J70: =LEN(I70) -> 13
A71: 1.0 | B71: set_oc_ang | C71: 44641.906 | D71: 赵成虎 | F71: characteristics angle of directional phase-overcurrent protection | G71: 相过流方向特性角 | H71: =LEN(G71) -> 8 | I71: DirAng_PhOC | J71: =LEN(I71) -> 11
A72: 1.0 | B72: set_neg_ang | C72: 44641.906 | D72: 赵成虎 | F72: characteristics angle of directional negative-sequence overcurrent protection | G72: 负序方向特性角 | H72: =LEN(G72) -> 7 | I72: DirAng_NegOC | J72: =LEN(I72) -> 12
A73: 1.0 | B73: set_roc_ang | C73: 44641.906 | D73: 赵成虎 | F73: characteristics angle of directional zero-sequence overcurrent protection | G73: 零序过流方向特性角 | H73: =LEN(G73) -> 9 | I73: DirAng_ZeroOC | J73: =LEN(I73) -> 13
A74: 1.0 | B74: set_fwd_ang_cntclk | C74: 44641.906 | D74: 赵成虎 | F74: counter clocktime angle boundary in forward direction | G74: 正方向逆时针边界 | H74: =LEN(G74) -> 8 | I74: MinFwdAng | J74: =LEN(I74) -> 9
A75: 1.0 | B75: set_fwd_ang_clk | C75: 44641.906 | D75: 赵成虎 | F75: clocktime angle boundary in forward direction | G75: 正方向顺时针边界 | H75: =LEN(G75) -> 8 | I75: MaxFwdAng | J75: =LEN(I75) -> 9
A76: 1.0 | B76: set_rv_ang_cntclk | C76: 44641.906 | D76: 赵成虎 | F76: counter clocktime angle boundary in reverse direction | G76: 反方向逆时针边界 | H76: =LEN(G76) -> 8 | I76: MinRevAng | J76: =LEN(I76) -> 9
A77: 1.0 | B77: set_rv_ang_clk | C77: 44641.906 | D77: 赵成虎 | F77: clocktime angle boundary in reverse direction | G77: 反方向顺时针边界 | H77: =LEN(G77) -> 8 | I77: MaxRevAng | J77: =LEN(I77) -> 9
A78: 1.0 | B78: set_imin | C78: 44641.906 | D78: 赵成虎 | F78: the minimum operating current | G78: 最小动作电流 | H78: =LEN(G78) -> 6 | I78: MinOpCurr | J78: =LEN(I78) -> 9
A79: 1.0 | B79: set_umin | C79: 44641.906 | D79: 赵成虎 | F79: the minimum operating voltage | G79: 最小动作电压 | H79: =LEN(G79) -> 6 | I79: MinOpVolt | J79: =LEN(I79) -> 9
... A81: 1.0 | B81: set_polar_mode | C81: 44641.906 | D81: 赵成虎 | F81: polar voltage mode; polarization with | G81: 极化电压模式 | H81: =LEN(G81) -> 6 | I81: Polarizing_With | J81: =LEN(I81) -> 15
A85: 过压/欠压保护
A86: 1.0 | B86: set_voltsel | C86: =IF(B86="","",IF(C86<>"",C86,NOW())) -> 0 | D86: 曹义 | F86: select phase or phase to phase voltage; option of measured voltage | G86: 相/线选择 | H86: =LEN(G86) -> 5 | I86: Opt_MeasVolt | J86: =LEN(I86) -> 12
A87: 1.0 | B87: set_opsel | C87: =IF(B87="","",IF(C87<>"",C87,NOW())) -> 0 | D87: 曹义 | F87: pickup mode | G87: 启动模式 | H87: =LEN(G87) -> 4 | I87: PickMode | J87: =LEN(I87) -> 8
A88: 1.0 | B88: set_inv_b | C88: =IF(B88="","",IF(C88<>"",C88,NOW())) -> 0 | D88: 曹义 | F88: inverse coefficient B;Coefficient B in inverse time characteristic | G88: 反时限系数B | H88: =LEN(G88) -> 6 | I88: InvCoeff_B | J88: =LEN(I88) -> 10
A89: 1.0 | B89: set_inv_d | C89: =IF(B89="","",IF(C89<>"",C89,NOW())) -> 0 | D89: 曹义 | F89: inverse coefficient D;Coefficient D in inverse time characteristic | G89: 反时限系数D | H89: =LEN(G89) -> 6 | I89: InvCoeff_D | J89: =LEN(I89) -> 10
A90: 1.0 | B90: set_inv_p | C90: =IF(B90="","",IF(C90<>"",C90,NOW())) -> 0 | D90: 曹义 | F90: inverse coefficient P;Coefficient P in inverse time characteristic | G90: 反时限系数P | H90: =LEN(G90) -> 6 | I90: InvCoeff_P | J90: =LEN(I90) -> 10
A91: 1.0 | B91: set_check_curorpos | C91: =IF(B91="","",IF(C91<>"",C91,NOW())) -> 0 | D91: 曹义 | F91: check current or position；on-load check option | G91: 电流/断路器检测 | H91: =LEN(G91) -> 8 | I91: Chk_OnLoad | J91: =LEN(I91) -> 10
A92: 1.0 | B92: set_typrscrv | C92: =IF(B92="","",IF(C92<>"",C92,NOW())) -> 0 | D92: 曹义 | F92: dropout mode | G92: 复归模式 | H92: =LEN(G92) -> 4 | I92: DropMode | J92: =LEN(I92) -> 8
A93: =IF(B93="","",IF(A93<>"",A93,#REF!))
A95: 热过负荷保护
B96: set_i_thl | C96: =IF(B96="","",IF(C96<>"",C96,NOW())) -> 0 | D96: 余培懿 | F96: basic current setting | G96: 基本电流定值 | H96: =LEN(G96) -> 6 | I96: I_Basic | J96: =LEN(I96) -> 7
A97: 1.0 | B97: set_k | C97: =IF(B97="","",IF(C97<>"",C97,NOW())) -> 0 | D97: 余培懿 | F97: thermal overload coefficient K | G97: 系数K | H97: =LEN(G97) -> 3 | I97: k_Therm | J97: =LEN(I97) -> 7
A98: 1.0 | B98: set_t_thl | C98: =IF(B98="","",IF(C98<>"",C98,NOW())) -> 0 | D98: 余培懿 | F98: Time constant | G98: 时间常数 | H98: =LEN(G98) -> 4 | I98: Tau_Therm | J98: =LEN(I98) -> 9
A99: 1.0 | B99: set_i_max | C99: =IF(B99="","",IF(C99<>"",C99,NOW())) -> 0 | D99: 余培懿 | F99: Maximum limiting current of thermal overload protection | G99: 最大限制电流 | H99: =LEN(G99) -> 6 | I99: Imax_Therm | J99: =LEN(I99) -> 10
A100: 1.0 | B100: swi_limit_mod | C100: =IF(B100="","",IF(C100<>"",C100,NOW())) -> 0 | D100: 余培懿 | F100: Behaviour when (current is) over (higher than) Imax_therm | G100: 超最大限制电流处理 | H100: =LEN(G100) -> 9 | I100: Behav_When_OverImax | J100: =LEN(I100) -> 19
A101: =IF(B101="","",IF(A101<>"",A101,#REF!)) | C101: =IF(B101="","",IF(C101<>"",C101,NOW())) | H101: =LEN(G101) -> 0 | J101: =LEN(I101) -> 0
A102: 失灵保护
A103: 1.0 | B103: set_t_bfi_alm_dly | C103: 44681 | D103: 刘龙 | F103: alarm delay T for BFI；Pickup delay for warning signal | G103: 失灵告警延时定值 | H103: =LEN(G103) -> 8 | I103: PickDly_Alm | J103: =LEN(I103) -> 11
A104: 1.0 | B104: set_t_bfi_alm_ext | C104: 44681 | D104: 刘龙 | F104: alarm hold T for BFI; Dropout delay for warning signal | G104: 失灵告警展宽时间定值 | H104: =LEN(G104) -> 10 | I104: DropDly_Alm | J104: =LEN(I104) -> 11
A105: 1.0 | B105: set_t_bf_rt | C105: 44681 | D105: 刘龙 | F105: BFP retrip delay T | G105: 失灵跟跳延时定值 | H105: =LEN(G105) -> 8 | I105: OpDly_Retrip | J105: =LEN(I105) -> 12
A106: 1.0 | B106: set_t_bfs_rt_phs | C106: 44681 | D106: 刘龙 | F106: BFP retrip delay T 2,1-pole BFI retrip 3-pol; Delay of 1phRetrip3p | G106: 单相跟跳三相延时定值 | H106: =LEN(G106) -> 10 | I106: OpDly_1Retrip3 | J106: =LEN(I106) -> 14
A107: 1.0 | B107: set_t_bf_lqp | C107: 44681 | D107: 刘龙 | F107: low gas pressure BFP delay T；Operate delay of acceleration stage | G107: 加速延时定值 | H107: =LEN(G107) -> 6 | I107: OpDly_Accel | J107: =LEN(I107) -> 11
A108: 1.0 | B108: set_t_bf_op1 | C108: 44681 | D108: 刘龙 | F108: BFP delay T1; Operate delay with T1 | G108: 失灵1时限定值 | H108: =LEN(G108) -> 7 | I108: OpDly_T1 | J108: =LEN(I108) -> 8
A109: 1.0 | B109: set_t_bf_op2 | C109: 44681 | D109: 刘龙 | F109: BFP delay T2; Operate delay with T2 | G109: 失灵2时限定值 | H109: =LEN(G109) -> 7 | I109: OpDly_T2 | J109: =LEN(I109) -> 8
A110: 1.0 | B110: swi_bft_keep | C110: 44681 | D110: 刘龙 | F110: internal BFI seal-in Ena；Holding internal initiating signal | G110: 内部启失灵开入保持使能 | H110: =LEN(G110) -> 11 | I110: Holding_IntInit | J110: =LEN(I110) -> 15
A111: 1.0 | B111: swi_bfi_keep | C111: 44681 | D111: 刘龙 | F111: external BFI seal-in Ena；Holding external initiating signal | G111: 外部启失灵开入保持使能 | H111: =LEN(G111) -> 11 | I111: Holding_ExtInit | J111: =LEN(I111) -> 15
A112: 1.0 | B112: swi_bfi_alm | C112: 44681 | D112: 刘龙 | F112: external BFI alarm Ena; Permit alarm of external initiating signal | G112: 启失灵开入告警使能 | H112: =LEN(G112) -> 9 | I112: Permit_Alm_ExtInit | J112: =LEN(I112) -> 18
A113: 1.0 | B113: swi_bay_bf | C113: 44681 | D113: 刘龙 | F113: BFP Bay Ena; BF (breaker failure function) is on for this bay | G113: 本间隔失灵保护投入 | H113: =LEN(G113) -> 9 | I113: OwnBay_BF_On | J113: =LEN(I113) -> 12
...

Sheet 枚举量(20)
A1: 版本 | B1: Abbr | C1: 创建日期 | D1: 创建人 | E1: 术语中文释义 | F1: 术语英文释义 | G1: 中文术语 | I1: 英文术语 | K1: 西文术语 | M1: 俄文术语
G2: 术语 | H2: 字符数 | I2: 术语 | J2: 字符数 | K2: 术语 | L2: 字符数 | M2: 术语 | N2: 字符数
A3: 参数/定值枚举量 | H3: 0 | J3: =LEN(I3) -> 0
A4: 1.0 | B4: yes | C4: 45644 | D4: 冯志翔 | E4: 投入 | F4: Yes | G4: 投入 | H4: =LEN(G4) -> 2 | I4: Yes | J4: =LEN(I4) -> 3
A5: 1.0 | B5: no | C5: 45644 | D5: 冯志翔 | E5: 退出 | F5: No | G5: 退出 | H5: =LEN(G5) -> 2 | I5: No | J5: =LEN(I5) -> 2
A6: 1.0
A7: 1.0 | B7: no_dir | C7: 44658.748 | D7: 赵成虎 | E7: 方向模式定值的选项，不判方向 | F7: none directional | G7: 无方向 | H7: =LEN(G7) -> 3 | I7: NonDir | J7: =LEN(I7) -> 6
A8: 1.0 | B8: ford_dir | C8: 44658.748 | D8: 赵成虎 | E8: 方向模式定值的选项，正向 | F8: forward directional | G8: 正方向 | H8: =LEN(G8) -> 3 | I8: FwdDir | J8: =LEN(I8) -> 6
A9: 1.0 | B9: revs_dir | C9: 44658.748 | D9: 赵成虎 | E9: 方向模式定值的选项，反向 | F9: reverse directional | G9: 反方向 | H9: =LEN(G9) -> 3 | I9: RevDir | J9: =LEN(I9) -> 6
A10: 1.0 | H10: 0 | J10: =LEN(I10) -> 0
A11: 1.0 | B11: phs_blk | C11: 44658.748 | D11: 赵成虎 | E11: 谐波闭锁模式定值选项，各相谐波与基波比作为本相闭锁判据。 | F11: phase blocking | G11: 分相闭锁 | H11: =LEN(G11) -> 4 | I11: PhaseBlk | J11: =LEN(I11) -> 8
A12: 1.0 | B12: cros_blk | C12: 44658.748 | D12: 赵成虎 | E12: 谐波闭锁模式定值选项，各相谐波与基波比的最大值作为闭锁判据。 | F12: cross blocking | G12: 交叉闭锁 | H12: =LEN(G12) -> 4 | I12: CrossBlk | J12: =LEN(I12) -> 8
A13: 1.0 | B13: max_phs_blk | C13: 44658.748 | D13: 赵成虎 | E13: 谐波闭锁模式定值选项，以谐波最大的相谐波与本相基波比作为闭锁判据。 | F13: maximum phase blocking | G13: 最大相闭锁 | H13: =LEN(G13) -> 5 | I13: MaxPhaseBlk | J13: =LEN(I13) -> 11
A14: 1.0 | B14: def | C14: 44658.748 | D14: 赵成虎 | E14: 动作曲线类型 | F14: definite time (both ANSI and IEC) | G14: DefTime | H14: =LEN(G14) -> 7 | I14: DefTime | J14: =LEN(I14) -> 7
A15: 1.0 | B15: ansi_e | C15: 44658.748 | D15: 赵成虎 | E15: 动作曲线类型 | F15: ANSI extremely inverse | G15: ANSIE | H15: =LEN(G15) -> 5 | I15: ANSI_ExtrmInv | J15: =LEN(I15) -> 13
A16: 1.0 | B16: ansi_v | C16: 44658.748 | D16: 赵成虎 | E16: 动作曲线类型 | F16: ANSI very inverse | G16: ANSIV | H16: =LEN(G16) -> 5 | I16: ANSI_VeryInv | J16: =LEN(I16) -> 12
A17: 1.0 | B17: ansi_n | C17: 44658.748 | D17: 赵成虎 | E17: 动作曲线类型 | F17: ANSI normal inverse | G17: ANSIN | H17: =LEN(G17) -> 5 | I17: ANSI_NormInv | J17: =LEN(I17) -> 12
A18: 1.0 | B18: ansi_m | C18: 44658.748 | D18: 赵成虎 | E18: 动作曲线类型 | F18: ANSI moderately inverse | G18: ANSIM | H18: =LEN(G18) -> 5 | I18: ANSI_ModerInv | J18: =LEN(I18) -> 13
A19: 1.0 | B19: ansi_lte | C19: 44658.748 | D19: 赵成虎 | E19: 动作曲线类型 | F19: ANSI long time extremely inverse | G19: ANSILTE | H19: =LEN(G19) -> 7 | I19: ANSI_LongExtreInv | J19: =LEN(I19) -> 17
A20: 1.0 | B20: ansi_ltv | C20: 44658.748 | D20: 赵成虎 | E20: 动作曲线类型 | F20: ANSI long time very inverse | G20: ANSILTV | H20: =LEN(G20) -> 7 | I20: ANSI_LongVeryInv | J20: =LEN(I20) -> 16
A21: 1.0 | B21: ansi_lt | C21: 44658.748 | D21: 赵成虎 | E21: 动作曲线类型 | F21: ANSI long time inverse | G21: ANSILT | H21: =LEN(G21) -> 6 | I21: ANSI_LongInv | J21: =LEN(I21) -> 12
A22: 1.0 | B22: iec_n | C22: 44658.748 | D22: 赵成虎 | E22: 动作曲线类型 | F22: IEC normal inverse | G22: IECN | H22: =LEN(G22) -> 4 | I22: IEC_NormInv | J22: =LEN(I22) -> 11
... A28: 1.0 | B28: user_def | C28: 44658.748 | D28: 赵成虎 | E28: 动作曲线类型 | F28: programmable defined time | G28: UserDefined | H28: =LEN(G28) -> 11 | I28: UserDefined | J28: =LEN(I28) -> 11
A29: 1.0 | B29: inv_n | C29: 45656.748 | D29: 冯志翔 | E29: 动作曲线类型,电压用标准反时限曲线 | F29: standard inverse | G29: 标准反时限 | H29: =LEN(G29) -> 5 | I29: NormInv
A30: 1.0 | H30: 0 | J30: =LEN(I30) -> 0
A31: 1.0 | B31: inst_drop | C31: 44658.748 | D31: 赵成虎 | E31: 返回曲线类型，用于电流保护和电压保护（复归方式） | F31: instantaneous dropout | G31: 立即返回 | H31: =LEN(G31) -> 4 | I31: InstantDrop | J31: =LEN(I31) -> 11
A32: 1.0 | B32: def_drop | C32: 44658.748 | D32: 赵成虎 | E32: 返回曲线类型，用于电流保护和电压保护（复归方式） | F32: define-time dropout | G32: 定时限返回 | H32: =LEN(G32) -> 5 | I32: DefDrop | J32: =LEN(I32) -> 7
A33: 1.0 | B33: inv_drop | C33: 44658.748 | D33: 赵成虎 | E33: 返回曲线类型，用于电流保护 | F33: ANSI inverse-time dropout | G33: 反时限返回 | H33: =LEN(G33) -> 5 | I33: InvDrop | J33: =LEN(I33) -> 7
A34: 1.0 | H34: 0 | J34: =LEN(I34) -> 0
A35: 1.0 | B35: upp_polar | C35: 44658.748 | D35: 赵成虎 | E35: 极化电压模式之一，对相间电压极化 | F35: polarizing with phase-to-phase voltage | G35: 相间电压极化 | H35: =LEN(G35) -> 6 | I35: Upp | J35: =LEN(I35) -> 3
A36: 1.0 | B36: upg_polar | C36: 44658.748 | D36: 赵成虎 | E36: 极化电压模式之一，对相电压极化 | F36: polarizing with phase-to-ground voltage | G36: 相电压极化 | H36: =LEN(G36) -> 5 | I36: Uph | J36: =LEN(I36) -> 3
A37: 1.0 | B37: u1_polar | C37: 44658.748 | D37: 赵成虎 | E37: 极化电压模式之一，对正序电压极化 | F37: polarizing with positive sequence voltage | G37: 正序电压极化 | H37: =LEN(G37) -> 6 | I37: U1 | J37: =LEN(I37) -> 3
A38: 1.0 | H38: 0 | J38: =LEN(I38) -> 0
A39: 1.0 | H39: 0 | J39: =LEN(I39) -> 0
A40: 1.0 | B40: bus | C40: 44663.731 | D40: 薛宇 | E40: 电压采集来源之一，母线 | F40: bus | G40: 电压采集来源（母线） | H40: =LEN(G40) -> 10 | I40: Bus | J40: =LEN(I40) -> 3
A41: 1.0 | B41: line | C41: 44663.731 | D41: 薛宇 | E41: 电压采集来源之一，线路 | F41: line | G41: 电压采集来源（线路） | H41: =LEN(G41) -> 10 | I41: Line | J41: =LEN(I41) -> 4
A42: 1.0 | H42: =LEN(G42) -> 0 | J42: =LEN(I42) -> 0
A43: 1.0 | B43: disable | C43: 44663.731 | D43: 薛宇 | E43: 工作模式的选项之一，退出 | F43: Disable | G43: 退出 | H43: =LEN(G43) -> 2 | I43: Off | J43: =LEN(I43) -> 3
A44: 1.0 | B44: trip | C44: 44663.731 | D44: 薛宇 | E44: 工作模式的选项之一，跳闸 | F44: Trip | G44: 跳闸 | H44: =LEN(G44) -> 2 | I44: Trip | J44: =LEN(I44) -> 4
A45: 1.0 | B45: alarm | C45: 44663.731 | D45: 薛宇 | E45: 工作模式的选项之一，告警 | F45: Alarm | G45: 告警 | H45: =LEN(G45) -> 2 | I45: Alarm | J45: =LEN(I45) -> 5
A46: 1.0 | B46: fun_on | E46: 工作模式的选项之一，主要用于开关模块、刀闸模这些都没有跳闸信号的 | F46: On | G46: 投入 | I46: On
A47: 1.0 | H47: =LEN(G47) -> 0 | J47: =LEN(I47) -> 0
A50: 1.0 | B50: st_recls | C50: 44663 | D50: 薛宇 | E50: 合闸控制模式选项之一 | F50: startup auto reclosure | G50: 启动重合闸 | H50: =LEN(G50) -> 5 | I50: Start_Reclosing | J50: =LEN(I50) -> 15
A51: 1.0 | B51: blk_recls | C51: 44663 | D51: 薛宇 | E51: 合闸控制模式选项之一 | F51: block auto reclosure | G51: 闭锁重合闸 | H51: =LEN(G51) -> 5 | I51: Block_Reclosing | J51: =LEN(I51) -> 15
A52: 1.0 | B52: blk_ast | C52: 44663 | D52: 薛宇 | E52: 合闸控制模式选项之一 | F52: block automatic switch transfer | G52: 闭锁备自投 | H52: =LEN(G52) -> 5 | I52: Block_AutoTransferSw | J52: =LEN(I52) -> 20
A53: 1.0 | B53: off | D53: 薛宇 | E53: 合闸控制模式选项之一 | F53: Off | G53: 退出 | H53: =LEN(G53) -> 2 | I53: Off | J53: =LEN(I53) -> 3
A54: 1.0 | H54: =LEN(G54) -> 0 | J54: =LEN(I54) -> 0
A55: 1.0 | B55: uph_volt | C55: 44687.735 | D55: 曹义 | E55: 相/线选择：相电压 | F55: phase-to-ground voltage | G55: 相电压 | H55: =LEN(G55) -> 3 | I55: Uph | J55: =LEN(I55) -> 3
A56: 1.0 | B56: upp_volt | C56: 44687.735 | D56: 曹义 | E56: 相/线选择：线电压 | F56: phase-to-phase voltage | G56: 线电压 | H56: =LEN(G56) -> 3 | I56: Upp | J56: =LEN(I56) -> 3
A57: 1.0 | H57: =LEN(G57) -> 0 | J57: =LEN(I57) -> 0
A58: 1.0 | B58: 1_outof_3 | C58: 44687.735 | D58: 曹义 | E58: 动作模式 | F58: one-out-of-three | G58: 三取一 | H58: =LEN(G58) -> 3 | I58: 1_OutOf_3 | J58: =LEN(I58) -> 9
A59: 1.0 | B59: 2_outof_3 | C59: 44687.735 | D59: 曹义 | E59: 动作模式 | F59: two-out-of-three | G59: 三取二 | H59: =LEN(G59) -> 3 | I59: 2_OutOf_3 | J59: =LEN(I59) -> 9
A60: 1.0 | B60: 3_outof_3 | C60: 44687.735 | D60: 曹义 | E60: 动作模式 | F60: three-out-of-three | G60: 三取三 | H60: =LEN(G60) -> 3 | I60: 3_OutOf_3 | J60: =LEN(I60) -> 9
A61: 1.0 | H61: =LEN(G61) -> 0
A62: 1.0 | B62: no_chk | C62: 44845 | D62: 曹义 | E62: 电流/断路器检测选项，不检 | F62: no detection | G62: 不检 | H62: =LEN(G62) -> 2 | I62: NoChk | J62: =LEN(I62) -> 5
A63: 1.0 | B63: cur_chk | C63: 44845 | D63: 曹义 | E63: 电流/断路器检测选项，检电流 | F63: detection current | G63: 检电流 | H63: =LEN(G63) -> 3 | I63: CurrChk | J63: =LEN(I63) -> 7
A64: 1.0 | B64: pos_chk | C64: 44845 | D64: 曹义 | E64: 电流/断路器检测选项，检电流或断路器 | F64: detect contact position | G64: 检断路器位置 | H64: =LEN(G64) -> 6 | I64: PosChk | J64: =LEN(I64) -> 6
A65: 1.0 | H65: =LEN(G65) -> 0 | J65: =LEN(I65) -> 0
A66: 1.0 | H66: =LEN(G66) -> 0 | J66: =LEN(I66) -> 0
A67: 1.0 | B67: power_integ | C67: 44691.815 | D67: 赵琦 | E67: 电度计算方式：功率积分方式 | F67: power integral | G67: 功率积分方式 | H67: =LEN(G67) -> 6 | I67: PwrIntegral | J67: =LEN(I67) -> 11
A68: 1.0 | B68: pulse_count | C68: 44691.815 | D68: 赵琦 | E68: 电度计算方式：脉冲计数方式 | F68: pulse counting | G68: 脉冲计数方式 | H68: =LEN(G68) -> 6 | I68: PulseCounting | J68: =LEN(I67) -> 11
A69: 1.0 | H69: =LEN(G69) -> 0 | J69: =LEN(I69) -> 0
A70: 1.0 | B70: now_val | C70: 44691.815 | D70: 赵琦 | E70: 电度更新方式定值选项，当前值 | F70: latest value | G70: 当前值 | H70: =LEN(G70) -> 3 | I70: LatestVal | J70: =LEN(I70) -> 9
A71: 1.0 | B71: delt_val | C71: 44691.815 | D71: 赵琦 | E71: 电度更新方式定值选项，变化值 | F71: delta value | G71: 变化值 | H71: =LEN(G71) -> 3 | I71: DeltaVal | J71: =LEN(I71) -> 8
A72: 1.0 | H72: =LEN(G72) -> 0 | J72: =LEN(I72) -> 0
A73: 1.0 | B73: 0min | C73: 44691.815 | D73: 赵琦 | E73: 固定时间更新选项，XX:00 | F73: 0 minute past XX o'clock | G73: XX:00 | H73: =LEN(G73) -> 5 | I73: XX:00 | J73: =LEN(I73) -> 5
A74: 1.0 | B74: 15min | C74: 44691.815 | D74: 赵琦 | E74: 固定时间更新选项，XX:15 | F74: 15 minute past XX o'clock | G74: XX:15 | H74: =LEN(G74) -> 5 | I74: XX:15 | J74: =LEN(I74) -> 5
A75: 1.0 | B75: 30min | C75: 44691.815 | D75: 赵琦 | E75: 固定时间更新选项，XX:30 | F75: 30 minute past XX o'clock | G75: XX:30 | H75: =LEN(G75) -> 5 | I75: XX:30 | J75: =LEN(I75) -> 5
A76: 1.0 | B76: 45min | C76: 44691.815 | D76: 赵琦 | E76: 固定时间更新选项，XX:45 | F76: 45 minute past XX o'clock | G76: XX:45 | H76: =LEN(G76) -> 5 | I76: XX:45 | J76: =LEN(I76) -> 5
A77: 1.0 | B77: 60min | C77: 44691.815 | D77: 赵琦 | E77: 固定时间更新选项，XX:60 | F77: 60 minute past XX o'clock | G77: XX:60 | H77: =LEN(G77) -> 5 | I77: XX:60 | J77: =LEN(I77) -> 5
A78: 1.0 | H78: =LEN(G78) -> 0 | J78: =LEN(I78) -> 0
A79: 1.0 | B79: ris_edg | C79: 44691.815 | D79: 赵琦 | E79: 脉冲触发方式选项之一，上升沿 | F79: triggering option: rising edge | G79: 上升沿 | H79: =LEN(G79) -> 3 | I79: RisingEdge | J79: =LEN(I79) -> 10
A80: 1.0 | B80: ris_fal_edg | C80: 44691.815 | D80: 赵琦 | E80: 脉冲触发方式选项之一，上升沿和下降沿 | F80: triggering option: rising/falling edge | G80: 上升沿和下降沿 | H80: =LEN(G80) -> 7 | I80: Rising/FallingEdge | J80: =LEN(I80) -> 18
A81: 1.0 | H81: =LEN(G81) -> 0 | J81: =LEN(I81) -> 0
A82: 1.0 | B82: mwh | C82: 44691.815 | D82: 赵琦 | E82: 脉冲单位：MWh | F82: MWh | G82: MWh | H82: =LEN(G82) -> 3 | I82: MWh | J82: =LEN(I82) -> 3
A83: 1.0 | B83: kwh | C83: 44691.815 | D83: 赵琦 | E83: 脉冲单位：kWh | F83: kWh | G83: kWh | H83: =LEN(G83) -> 3 | I83: kWh | J83: =LEN(I83) -> 3
A84: 1.0 | B84: wh | E84: 脉冲单位：Wh | F84: Wh | G84: Wh | H84: =LEN(G84) -> 2 | I84: Wh | J84: =LEN(I84) -> 2
A86: 1.0 | B86: dig_smp | C86: 44691.815 | D86: 赵琦 | E86: 采样方式/模式之一：数字采样 | F86: digital sampling | G86: 数字采样 | H86: =LEN(G86) -> 4 | I86: DigitalSampling | J86: =LEN(I86) -> 15
A87: 1.0 | B87: an_smp | C87: 44691.815 | D87: 赵琦 | E87: 采样方式/模式之一：模拟采样 | F87: analog sampling | G87: 模拟采样 | H87: =LEN(G87) -> 4 | I87: AnalogSampling | J87: =LEN(I87) -> 14
A90: 1.0 | B90: acvt | C90: 44699.455 | D90: 孙启锐 | E90: 采样模式之一，传统采样 | F90: analog VT | G90: 传统采样 | H90: =LEN(G90) -> 4 | I90: AnalogVT | J90: =LEN(I90) -> 8
A91: 1.0 | B91: ecvt | C91: 44699.455 | D91: 孙启锐 | E91: 采样模式之一，电子式互感器采样 | F91: ECVT | G91: 电子式互感器采样 | H91: =LEN(G91) -> 8 | I91: ECVT | J91: =LEN(I91) -> 4
A92: 1.0 | H92: =LEN(G92) -> 0 | J92: =LEN(I92) -> 0
A93: 1.0 | B93: limt_cur | C93: 44691 | D93: 余培懿 | E93: 超最大限制电流处理的两种方式之一，用最大限制电流参与判据继续计算。 | F93: use limiting current | G93: 电流限幅 | H93: =LEN(G93) -> 4 | I93: Accumulate_With_Imax | J93: =LEN(I93) -> 20
A94: 1.0 | B94: frez_therm | C94: 44691 | D94: 余培懿 | E94: 超最大限制电流处理的两种方式之一，判据暂停，待电流恢复限幅范围内后继续计算。 | F94: freeze thermal value | G94: 冻结判据 | H94: =LEN(G94) -> 4 | I94: Freeze_ThermVal | J94: =LEN(I94) -> 15
A95: 1.0 | H95: =LEN(G95) -> 0 | J95: =LEN(I95) -> 0
A96: 1.0 | B96: prev_pos | C96: 44694 | D96: 李逸星 | E96: 开关中间态和错误态处理方式之一 | F96: hold the previous valid position | G96: 保持前一有效状态 | H96: =LEN(G96) -> 8 | I96: PrevPos | J96: =LEN(I96) -> 7
A97: 1.0 | B97: cls_pos | C97: 44694 | D97: 李逸星 | E97: 开关中间态和错误态处理方式之一 | F97: closed position | G97: 合位 | H97: =LEN(G97) -> 2 | I97: Closed | J97: =LEN(I97) -> 6
A98: 1.0 | H98: =LEN(G98) -> 0 | J98: =LEN(I98) -> 0
A99: 1.0 | B99: NoForce | C99: 44694 | D99: 李逸星 | E99: 开关强制:外部 | F99: not forcing | G99: 不强制 | H99: =LEN(G99) -> 3 | I99: NoForce | J99: =LEN(I99) -> 7
A100: 1.0 | B100: AsOpen | C100: 44694 | D100: 李逸星 | E100: 开关强制:分位 | F100: as open | G100: 强制分位 | H100: =LEN(G100) -> 4 | I100: AsOpen | J100: =LEN(I100) -> 6
A101: 1.0 | H101: =LEN(G101) -> 0 | J101: =LEN(I101) -> 0
A102: 1.0 | B102: forward | C102: 44699.455 | D102: 孙启锐 | E102: 电流互感器极性之一，正极性 | F102: forward | G102: 正极性 | H102: =LEN(G102) -> 3 | I102: Forward | J102: =LEN(I102) -> 7
A103: 1.0 | B103: reverse | C103: 44699.455 | D103: 孙启锐 | E103: 电流互感器极性之一，反极性 | F103: reverse | G103: 反极性 | H103: =LEN(G103) -> 3 | I103: Reverse | J103: =LEN(I103) -> 7
A104: 1.0 | H104: =LEN(G104) -> 0 | J104: =LEN(I104) -> 0
A105: 1.0 | H105: =LEN(G105) -> 0 | J105: =LEN(I105) -> 0
A106: 1.0 | B106: wye | C106: 44699.455 | D106: 孙启锐 | E106: 电压互感器接线方式之一，星型 | F106: wye connection | G106: 星型接线 | H106: =LEN(G106) -> 4 | I106: Wye | J106: =LEN(I106) -> 3
A107: 1.0 | B107: delta | C107: 44699.455 | D107: 孙启锐 | E107: 电压互感器接线方式之一，三角形 | F107: delta connection | G107: 三角形接线 | H107: =LEN(G107) -> 5 | I107: Delta | J107: =LEN(I107) -> 5
A108: 1.0 | H108: =LEN(G108) -> 0 | J108: =LEN(I108) -> 0
A109: 1.0 | B109: 3Phase | C109: 44699.455 | D109: 孙启锐 | E109: 电流互感器接线方式之一，三相式 | F109: connection type: 3 phase | G109: 三相式接法 | H109: =LEN(G109) -> 5 | I109: 3Phase | J109: =LEN(I109) -> 6
A110: 1.0 | B110: 2Phase | C110: 44699.455 | D110: 孙启锐 | E110: 电流互感器接线方式之一，两相式 | F110: connection type: 2 phase | G110: 两相式接法 | H110: =LEN(G110) -> 5 | I110: 2Phase | J110: =LEN(I110) -> 6
...

Sheet 首字母缩写词
A1: 版本 | B1: Abbr | C1: 创建日期 | D1: 创建人 | E1: 术语中文释义 | F1: 术语英文释义 | G1: 中文术语 | I1: 英文术语 | K1: 西文术语 | M1: 俄文术语
G2: 术语 | H2: 字符数 | I2: 术语 | J2: 字符数 | K2: 术语 | L2: 字符数 | M2: 术语 | N2: 字符数
C3: 45261 | D3: 张雅琼 | G3: 相量测量单元 | H3: =LEN(G3) -> 6 | I3: PMU (phasor Measurement Unit) | J3: =LEN(I3) -> 29 | L3: =LEN(K3) -> 0 | N3: =LEN(M3) -> 0
C4: 45261 | D4: 张雅琼 | G4: 相量数据集中器 | H4: =LEN(G4) -> 7 | I4: PDC (Phasor Data Concentrator) | J4: =LEN(I4) -> 30 | L4: =LEN(K4) -> 0 | N4: =LEN(M4) -> 0
C5: 45262 | D5: 张雅琼 | G5: 面向通用对象的变电站事件 | H5: =LEN(G5) -> 12 | I5: GOOSE (Generic Object-Oriented Substation Event) | J5: =LEN(I5) -> 48 | L5: =LEN(K5) -> 0 | N5: =LEN(M5) -> 0
C6: 45263 | D6: 张雅琼 | G6: 电流互感器 | H6: =LEN(G6) -> 5 | I6: CT (Current Transformer) | J6: =LEN(I6) -> 24 | L6: =LEN(K6) -> 0 | N6: =LEN(M6) -> 0
C7: 45264 | D7: 张雅琼 | G7: 电压互感器 | H7: =LEN(G7) -> 5 | I7: VT (Voltage Transformer) | J7: =LEN(I7) -> 24 | L7: =LEN(K7) -> 0 | N7: =LEN(M7) -> 0
C8: 45265 | D8: 张雅琼 | G8: 高压 | H8: =LEN(G8) -> 2 | I8: HV (High Voltage) | J8: =LEN(I8) -> 17 | L8: =LEN(K8) -> 0 | N8: =LEN(M8) -> 0
C9: 45266 | D9: 张雅琼 | G9: 中压 | H9: =LEN(G9) -> 2 | I9: MV (Middle Voltage) | J9: =LEN(I9) -> 19 | L9: =LEN(K9) -> 0 | N9: =LEN(M9) -> 0
C10: 45267 | D10: 张雅琼 | G10: 低压 | H10: =LEN(G10) -> 2 | I10: LV (Low Voltage) | J10: =LEN(I10) -> 16 | L10: =LEN(K10) -> 0 | N10: =LEN(M10) -> 0
C11: 45268 | D11: 张雅琼 | G11: 有效值 | H11: =LEN(G11) -> 3 | I11: RMS (Root Mean Square) | J11: =LEN(I11) -> 22 | L11: =LEN(K11) -> 0 | N11: =LEN(M11) -> 0
C12: 45269 | D12: 张雅琼 | G12: 自动重合闸 | H12: =LEN(G12) -> 5 | I12: AR(Automatic Reclosing) | J12: =LEN(I12) -> 23 | L12: =LEN(K12) -> 0 | N12: =LEN(M12) -> 0
C13: 45270 | D13: 张雅琼 | G13: 手动重合 | H13: =LEN(G13) -> 4 | I13: MC(Manual Closing) | J13: =LEN(I13) -> 18 | L13: =LEN(K13) -> 0 | N13: =LEN(M13) -> 0
C14: 45271 | D14: 张雅琼 | G14: 遥控合闸 | H14: =LEN(G14) -> 4 | I14: RC(Remote Closing) | J14: =LEN(I14) -> 18
C15: 45272 | D15: 张雅琼 | G15: 采样数据 | H15: =LEN(G15) -> 4 | I15: SV(Sampled Value） | J15: =LEN(I15) -> 17 | L15: =LEN(K15) -> 0 | N15: =LEN(M15) -> 0
C16: 45273 | D16: 张雅琼 | G16: 断路器 | H16: =LEN(G16) -> 3 | I16: CB(Circuit Breaker） | J16: =LEN(I16) -> 19 | L16: =LEN(K16) -> 0 | N16: =LEN(M16) -> 0
C17: 45274 | D17: 张雅琼 | G17: 隔离刀闸 | H17: =LEN(G17) -> 4 | I17: DS(Disconnector Switch） | J17: =LEN(I17) -> 23 | L17: =LEN(K17) -> 0 | N17: =LEN(M17) -> 0
C18: 45276 | D18: 张雅琼 | G18: PT断线监测 | H18: =LEN(G18) -> 6 | I18: VTS | J18: =LEN(I18) -> 3 | L18: =LEN(K18) -> 0 | N18: =LEN(M18) -> 0
C19: 45277 | D19: 张雅琼 | G19: CT断线监测 | H19: =LEN(G19) -> 6 | I19: CTS | J19: =LEN(I19) -> 3 | L19: =LEN(K19) -> 0 | N19: =LEN(M19) -> 0
C20: 45279 | D20: 张雅琼 | G20: 断路器失灵 | H20: =LEN(G20) -> 5 | I20: BF(Breaker Failure） | J20: =LEN(I20) -> 19 | L20: =LEN(K20) -> 0 | N20: =LEN(M20) -> 0
C21: 45281 | D21: 张雅琼 | G21: 命令 | H21: =LEN(G21) -> 2 | I21: CMD | J21: =LEN(I21) -> 3 | L21: =LEN(K21) -> 0 | N21: =LEN(M21) -> 0
C22: 45282 | D22: 张雅琼 | G22: 通信 | H22: =LEN(G22) -> 2 | I22: COM | J22: =LEN(I22) -> 3 | L22: =LEN(K22) -> 0 | N22: =LEN(M22) -> 0
C23: 45283 | D23: 张雅琼 | G23: 测控单元（装置） | H23: =LEN(G23) -> 8 | I23: BCU (bay control unit) | J23: =LEN(I23) -> 22 | L23: =LEN(K23) -> 0 | N23: =LEN(M23) -> 0
C24: 45285 | D24: 张雅琼 | G24: 录波 | H24: =LEN(G24) -> 2 | I24: DFR (digital fault recording) | J24: =LEN(I24) -> 29 | L24: =LEN(K24) -> 0 | N24: =LEN(M24) -> 0
C25: 45287 | D25: 张雅琼 | G25: 非全相 | H25: =LEN(G25) -> 3 | I25: PD(pole discrepancy) | J25: =LEN(I25) -> 21 | L25: =LEN(K25) -> 0 | N25: =LEN(M25) -> 0
C26: 45290 | D26: 张雅琼 | G26: 过流 | H26: =LEN(G26) -> 2 | I26: OC(over-current） | J26: =LEN(I26) -> 16 | L26: =LEN(K26) -> 0 | N26: =LEN(M26) -> 0
... C34: 45292 | D34: 张雅琼 | G34: 输入输出 | H34: =LEN(G34) -> 4 | I34: IO(input and output) | J34: =LEN(I34) -> 20 | L34: =LEN(K34) -> 0 | N34: =LEN(M34) -> 0
G35: 数据集中器 | H35: =LEN(G35) -> 5 | I35: DCU (data concentrator unit) | J35: =LEN(I35) -> 28 | L35: =LEN(K35) -> 0 | N35: =LEN(M35) -> 0

Sheet 量纲
A1: 版本 | B1: Abbr | C1: 创建日期 | D1: 创建人 | E1: 术语中文释义 | F1: 术语英文释义 | G1: 中文术语 | I1: 英文术语 | K1: 西文术语 | M1: 俄文术语
G2: 术语 | H2: 字符数 | I2: 术语 | J2: 字符数 | K2: 术语 | L2: 字符数 | M2: 术语 | N2: 字符数
G3: 千字节 | I3: KB
G4: 兆字节 | I4: MB
G5: 十亿字节 | I5: GB
G6: 日，（天） | I6: d
G7: [小]时 | I7: h
G8: 分 | I8: min
G9: 秒 | I9: s
G10: 毫秒 | I10: ms
G11: 微秒 | I11: μs
G12: 米 | I12: m
G13: 千米 | I13: km
G14: 毫米 | I14: mm
... G69: 安秒 | I69: As
